
#COORDINATES
GSM

#POSITION
0.0
0.0

#START
2026 1 3 0 0 0 0 4.494 -6.166 -4.32 -569.004 6.917 -28.85 2.513 256465
2026 1 3 0 1 0 0 4.45 -6.069 -4.87 -570.5 9.309 -37.364 2.44 243874
2026 1 3 0 2 0 0 4.101 -5.86 -5.261 -569.207 8.657 -40.312 2.482 262485
2026 1 3 0 3 0 0 3.981 -5.376 -5.817 -567.042 7.377 -46.045 2.601 307507
2026 1 3 0 4 0 0 3.26 -5.518 -5.932 -569.805 7.564 -46.704 2.871 373133
2026 1 3 0 5 0 0 3.307 -5.788 -3.431 -579.438 13.968 -44.305 2.956 400661
2026 1 3 0 6 0 0 5.111 -5.68 1.836 -592.225 24.964 -41.767 2.78 378697
2026 1 3 0 7 0 0 4.708 -5.029 5.231 -592.776 25.399 -41.653 2.77 377261
2026 1 3 0 8 0 0 6.183 -5.518 2.779 -561.6 8.76 63.716 2.31 184613
2026 1 3 0 9 0 0 5.838 -5.99 2.384 -558.117 7.295 60.39 2.528 230894
2026 1 3 0 10 0 0 5.006 -6.786 1.467 -555.2 6.07 57.606 2.71 269642
2026 1 3 0 11 0 0 5.184 -6.607 1.639 -555.2 6.083 57.605 2.71 269642
2026 1 3 0 12 0 0 5.509 -6.105 2.581 -555.747 11.349 49.772 2.562 240335
2026 1 3 0 13 0 0 5.246 -5.318 4.063 -559.54 8.537 47.613 2.47 254795
2026 1 3 0 14 0 0 3.255 -4.164 6.318 -566.333 -1.277 59.526 2.58 329682
2026 1 3 0 15 0 0 1.056 -3.399 7.86 -574.166 0.078 72.797 2.637 368477
2026 1 3 0 16 0 0 1.454 -3.482 7.745 -582.813 15.351 80.593 2.481 332631
2026 1 3 0 17 0 0 1.852 -3.566 7.63 -591.459 30.624 88.388 2.325 296786
2026 1 3 0 18 0 0 2.25 -3.649 7.515 -600.105 45.897 96.184 2.17 260940
2026 1 3 0 19 0 0 3.182 -4.367 6.705 -601.113 47.769 97.138 2.15 256597
2026 1 3 0 20 0 0 2.933 -6.101 5.64 -590.259 29.838 97.055 2.25 289211
2026 1 3 0 21 0 0 1.752 -6.855 5.086 -589.725 29.234 97.243 2.263 293248
2026 1 3 0 22 0 0 1.909 -5.581 6.112 -594.098 40.709 99.825 2.304 311438
2026 1 3 0 23 0 0 2.066 -4.307 7.137 -598.47 52.184 102.407 2.345 329628
2026 1 3 0 24 0 0 2.224 -3.033 8.163 -602.842 63.659 104.988 2.386 347819
2026 1 3 0 25 0 0 3.158 -3.989 7.073 -602.13 63.218 104.154 2.399 349521
2026 1 3 0 26 0 0 3.788 -5.114 5.779 -585.228 37.356 88.85 2.525 350111
2026 1 3 0 27 0 0 5.316 -4.993 4.538 -578.921 29.119 84.483 2.32 302672
2026 1 3 0 28 0 0 5.271 -5.286 4.279 -565.054 17.529 71.53 2.229 255218
2026 1 3 0 29 0 0 5.863 -4.962 3.843 -555.322 24.355 61.029 2.287 233925
2026 1 3 0 30 0 0 6.455 -4.639 3.407 -545.591 31.182 50.529 2.346 212631
2026 1 3 0 31 0 0 5.595 -5.453 3.65 -543.2 32.869 47.942 2.36 207400
2026 1 3 0 32 0 0 4.567 -6.22 4.089 -543.2 32.883 47.932 2.36 207400
2026 1 3 0 33 0 0 4.263 -6.639 3.501 -553.395 24.906 42.298 2.415 246884
2026 1 3 0 34 0 0 4.173 -6.988 2.559 -567.124 14.159 34.715 2.49 300053
2026 1 3 0 35 0 0 4.056 -7.268 1.885 -579.642 6.919 24.69 2.518 340242
2026 1 3 0 36 0 0 3.851 -7.265 2.278 -586.127 13.814 6.131 2.352 325214
2026 1 3 0 37 0 0 3.883 -7.386 1.739 -571.838 8.556 26.232 2.222 296094
2026 1 3 0 38 0 0 4.044 -6.001 3.093 -572.593 5.315 35.925 2.387 315654
2026 1 3 0 39 0 0 5.523 -2.957 5.641 -583.3 5.903 33.129 2.63 353027
2026 1 3 0 40 0 0 5.271 -4.536 5.142 -581.594 5.248 33.121 2.6 344826
2026 1 3 0 41 0 0 5.376 -5.078 4.292 -565.157 -1.144 33.06 2.311 264746
2026 1 3 0 42 0 0 5.356 -5.882 2.679 -556.354 -3.515 33.679 2.16 222025
2026 1 3 0 43 0 0 5.275 -6.313 1.728 -555.456 14.386 40.796 2.23 225713
2026 1 3 0 44 0 0 4.352 -7.017 1.203 -558.963 22.387 38.397 2.35 252929
2026 1 3 0 45 0 0 4.361 -7.173 0.781 -558.653 18.092 30.631 2.508 294120
2026 1 3 0 46 0 0 5.22 -6.625 1.176 -554.6 20.209 30.765 2.6 311111
2026 1 3 0 47 0 0 5.195 -6.458 1.624 -555.83 13.721 24.174 2.319 266476
2026 1 3 0 48 0 0 5.575 -5.638 2.765 -559.687 10.505 29.386 2.06 226493
2026 1 3 0 49 0 0 5.674 -5.324 3.605 -568.01 14.735 50.164 2.176 231179
2026 1 3 0 50 0 0 4.901 -6.278 3.195 -576.689 14.286 59.403 2.316 223281
2026 1 3 0 51 0 0 5.058 -6.5 2.412 -572.077 16.548 59.361 2.283 219704
2026 1 3 0 52 0 0 5.016 -6.848 1.495 -564.911 18.514 57.806 2.228 230738
2026 1 3 0 53 0 0 5.428 -6.447 1.451 -558.737 14.413 48.263 2.196 245362
2026 1 3 0 54 0 0 5.74 -6.318 0.747 -555.491 12.889 41.86 2.196 252823
2026 1 3 0 55 0 0 5.84 -6.363 0.126 -553.617 15.167 29.408 2.294 252415
2026 1 3 0 56 0 0 6.221 -5.993 0.288 -551.89 10.584 25.112 2.342 242799
2026 1 3 0 57 0 0 6.549 -5.392 0.677 -551.6 5.896 28.409 2.33 235719
2026 1 3 0 58 0 0 6.402 -5.306 0.275 -549.723 12.03 21.281 2.349 241081
2026 1 3 0 59 0 0 6.084 -5.57 -0.733 -546.543 22.936 8.84 2.381 250922
2026 1 3 1 0 0 0 4.756 -6.657 -2.8 -546.013 28.657 12.292 2.39 247408
2026 1 3 1 1 0 0 4.577 -6.897 -3.268 -560.018 20.387 -0.555 2.487 294010
2026 1 3 1 2 0 0 4.778 -6.831 -3.233 -568.441 14.146 -14.443 2.417 307907
2026 1 3 1 3 0 0 5.043 -6.776 -2.915 -562.357 16.745 -16.749 2.15 259898
2026 1 3 1 4 0 0 5.256 -6.706 -2.544 -562.3 16.738 -16.756 2.15 259560
2026 1 3 1 5 0 0 5.041 -6.928 -2.177 -559.691 13.205 -13.972 2.278 275631
2026 1 3 1 6 0 0 4.869 -7.29 -1.29 -557.533 8.083 -10.681 2.4 288931
2026 1 3 1 7 0 0 4.974 -7.301 -0.739 -560.137 3.643 -10.037 2.328 272565
2026 1 3 1 8 0 0 5.103 -7.231 -0.66 -559.497 2.672 0.893 2.319 274729
2026 1 3 1 9 0 0 5.31 -7.092 -0.459 -555.9 6.399 13.318 2.39 295265
2026 1 3 1 10 0 0 5.507 -6.94 -0.032 -555.794 7.234 10.491 2.401 290916
2026 1 3 1 11 0 0 5.675 -6.767 0.328 -555.591 8.828 5.078 2.421 282583
2026 1 3 1 12 0 0 5.96 -6.543 0.167 -555.5 9.544 2.648 2.43 278848
2026 1 3 1 13 0 0 5.898 -6.484 0.28 -560.976 10.109 12.178 2.479 292333
2026 1 3 1 14 0 0 5.312 -6.77 1.057 -566.189 11.527 21.322 2.542 309011
2026 1 3 1 15 0 0 4.648 -7.037 2.002 -563.189 18.498 21.249 2.618 328834
2026 1 3 1 16 0 0 4.552 -6.997 1.827 -562.491 21.662 28.636 2.612 332678
2026 1 3 1 17 0 0 4.646 -6.866 -0.41 -571.132 12.408 2.168 2.52 290136
2026 1 3 1 18 0 0 4.552 -6.607 -2.984 -582.077 3.988 -60.661 2.513 244790
2026 1 3 1 19 0 0 4.287 -6.941 -1.741 -580.545 4.526 -53.977 2.421 237044
2026 1 3 1 20 0 0 4.757 -7.218 0.095 -570.325 7.351 -8.383 1.96 208591
2026 1 3 1 21 0 0 4.19 -7.562 -0.196 -569.419 5.512 5.699 2.367 278771
2026 1 3 1 22 0 0 3.669 -7.742 -1.169 -575.575 2.924 0.335 2.514 314426
2026 1 3 1 23 0 0 3.927 -7.431 -1.024 -584.613 -0.012 -19.331 2.661 343820
2026 1 3 1 24 0 0 4.781 -7.084 0.194 -583.404 0.392 -18.455 2.658 340602
2026 1 3 1 25 0 0 5.05 -6.854 -0.293 -572.104 4.222 -5.323 2.553 309789
2026 1 3 1 26 0 0 5.319 -6.624 -0.78 -560.804 8.051 7.81 2.448 278977
2026 1 3 1 27 0 0 5.221 -6.654 -1.353 -557.144 11.171 12.53 2.405 267447
2026 1 3 1 28 0 0 4.949 -6.498 -2.036 -564.116 11.182 4.775 2.558 299836
2026 1 3 1 29 0 0 4.687 -6.048 -3.376 -573.825 5.23 -9.08 2.898 364232
2026 1 3 1 30 0 0 4.14 -5.935 -4.678 -580.895 6.683 -18.385 3.14 421519
2026 1 3 1 31 0 0 3.402 -6.162 -4.769 -586.602 25.215 -19.457 3.14 456927
2026 1 3 1 32 0 0 3.168 -6.274 -4.693 -590.335 38.71 -20.856 3.118 479426
2026 1 3 1 33 0 0 4.621 -6.114 -3.947 -584.087 29.606 -25.389 2.938 435322
2026 1 3 1 34 0 0 4.852 -6.509 -3.352 -570.831 10.266 -35.015 2.557 342034
2026 1 3 1 35 0 0 4.935 -6.259 -3.372 -568.716 14.275 -32.449 2.399 292033
2026 1 3 1 36 0 0 5.207 -6.014 -3.128 -565.3 21.495 -27.841 2.14 207329
2026 1 3 1 37 0 0 5.068 -6.385 -2.054 -572.519 8.649 -11.779 2.222 225297
2026 1 3 1 38 0 0 4.973 -6.954 0.27 -588.223 -19.713 24.107 2.413 266660
2026 1 3 1 39 0 0 5.385 -6.404 0.201 -561.357 14.83 -7.312 2.508 269377
2026 1 3 1 40 0 0 5.377 -6.353 -0.342 -552.397 27.646 -13.711 2.381 258714
2026 1 3 1 41 0 0 5.31 -6.939 0.297 -555.189 23.622 -5.344 2.215 257040
2026 1 3 1 42 0 0 5.057 -7.498 1.429 -561.447 13.87 5.484 2.118 266498
2026 1 3 1 43 0 0 4.756 -7.645 0.813 -567.492 8.877 14.775 2.06 277653
2026 1 3 1 44 0 0 4.335 -7.584 -1.463 -573.3 10.709 21.745 2.06 291138
2026 1 3 1 45 0 0 4.161 -7.135 -3.658 -573.261 11.098 22.648 2.061 292200
2026 1 3 1 46 0 0 4.426 -7.231 -2.146 -573.114 12.524 26.058 2.063 296188
2026 1 3 1 47 0 0 4.691 -7.327 -0.635 -572.966 13.949 29.468 2.066 300176
2026 1 3 1 48 0 0 4.956 -7.423 0.877 -572.819 15.375 32.878 2.068 304164
2026 1 3 1 49 0 0 5.18 -7.437 2.243 -572.643 16.157 36.08 2.07 305123
2026 1 3 1 50 0 0 5.18 -7.17 2.92 -572.231 13.274 39.508 2.068 287688
2026 1 3 1 51 0 0 5.098 -7.164 3.031 -571.5 7.621 46.209 2.06 253885
2026 1 3 1 52 0 0 5.594 -7.128 1.962 -572.993 8.609 46.852 2.061 253729
2026 1 3 1 53 0 0 5.852 -7.112 1.364 -584.466 16.041 51.825 2.069 252527
2026 1 3 1 54 0 0 5.18 -6.92 3.022 -572.469 16.306 34.332 1.928 225018
2026 1 3 1 55 0 0 5.431 -6.736 3.171 -560.768 19.46 24.569 1.781 194224
2026 1 3 1 56 0 0 5.472 -6.487 3.092 -571.343 27.171 51.253 1.864 203117
2026 1 3 1 57 0 0 5.446 -6.384 2.814 -579.38 34.025 73.286 1.952 214562
2026 1 3 1 58 0 0 4.757 -7.394 1.072 -564.773 32.324 52.252 2.064 244471
2026 1 3 1 59 0 0 4.803 -7.199 1.267 -561.889 32.325 38.272 2.045 234243
2026 1 3 2 0 0 0 3.794 -7.493 1.005 -567.821 30.743 23.164 2.002 221897
2026 1 3 2 1 0 0 0.331 -8.937 -1.061 -587.028 22.263 23.246 2.124 281655
2026 1 3 2 2 0 0 0.841 -8.769 -1.297 -619.033 8.032 23.398 2.334 381390
2026 1 3 2 3 0 0 1.138 -8.531 -0.505 -635.678 19.183 43.834 2.289 382517
2026 1 3 2 4 0 0 1.584 -8.417 0.771 -626.513 43.789 57.506 2.035 300492
2026 1 3 2 5 0 0 2.39 -8.167 1.871 -622.943 21.644 10.404 2.15 320292
2026 1 3 2 6 0 0 2.864 -7.953 2.664 -628.583 3.781 -10.639 2.297 309787
2026 1 3 2 7 0 0 3.175 -7.914 2.305 -632.738 -0.207 -7.349 2.369 289507
2026 1 3 2 8 0 0 3.397 -7.689 1.873 -626.003 2.386 -10.119 2.367 286103
2026 1 3 2 9 0 0 3.619 -7.463 1.44 -619.267 4.979 -12.89 2.365 282698
2026 1 3 2 10 0 0 3.841 -7.237 1.008 -612.532 7.572 -15.66 2.363 279294
2026 1 3 2 11 0 0 4.064 -7.012 0.575 -605.797 10.164 -18.43 2.36 275889
2026 1 3 2 12 0 0 4.286 -6.786 0.143 -599.061 12.757 -21.2 2.358 272485
2026 1 3 2 13 0 0 4.508 -6.561 -0.29 -592.326 15.35 -23.97 2.356 269080
2026 1 3 2 14 0 0 4.731 -6.335 -0.722 -585.59 17.943 -26.74 2.354 265676
2026 1 3 2 15 0 0 4.953 -6.109 -1.155 -578.855 20.535 -29.51 2.352 262271
2026 1 3 2 16 0 0 5.098 -5.95 0.101 -572.175 23.949 -26.545 2.356 275435
2026 1 3 2 17 0 0 5.114 -6.061 3.631 -569.13 34.317 -8.267 2.246 282160
2026 1 3 2 18 0 0 5.242 -6.376 2.908 -574.082 48.274 14.002 1.916 208096
2026 1 3 2 19 0 0 5.312 -6.342 2.926 -575.415 25.49 33.859 2.045 280109
2026 1 3 2 20 0 0 5.597 -6.352 2.316 -572.961 24.013 31.444 2.051 285117
2026 1 3 2 21 0 0 4.947 -7.072 1.49 -561 34.08 6.552 1.96 252007
2026 1 3 2 22 0 0 4.454 -7.365 1.886 -564.363 32.868 5.848 1.915 238581
2026 1 3 2 23 0 0 4.898 -7.188 1.133 -572.9 29.786 4.096 1.8 204506
2026 1 3 2 24 0 0 5.1 -7.023 1.255 -572.471 31.619 8.545 1.813 211193
2026 1 3 2 25 0 0 5.347 -6.534 2.092 -570.3 40.887 31.133 1.88 245028
2026 1 3 2 26 0 0 5.435 -6.59 2.06 -571.42 40.519 30.36 1.901 254380
2026 1 3 2 27 0 0 5.022 -6.814 1.937 -575.808 38.926 26.843 1.993 294656
2026 1 3 2 28 0 0 4.582 -7.119 1.546 -577.788 37.564 16.504 2.03 313171
2026 1 3 2 29 0 0 5.064 -6.553 -2.085 -584.238 33.962 -31.414 1.816 243113
2026 1 3 2 30 0 0 4.446 -6.852 1.818 -587.514 32.285 -51.63 1.722 214360
2026 1 3 2 31 0 0 4.603 -6.689 1.596 -579.3 25.838 -12.355 2.16 282970
2026 1 3 2 32 0 0 4.264 -7.052 0.366 -581.61 27.561 -15.947 2.179 309245
2026 1 3 2 33 0 0 3.211 -6.866 -3.97 -594.8 37.442 -36.377 2.29 459294
2026 1 3 2 34 0 0 3.853 -5.557 -5.496 -594.409 37.114 -36.107 2.283 455026
2026 1 3 2 35 0 0 4.298 -6.096 -2.071 -586.742 31.139 -30.336 2.138 371229
2026 1 3 2 36 0 0 4.564 -6.482 1.274 -581.651 26.983 -21.065 2.025 302888
2026 1 3 2 37 0 0 3.518 -5.758 4.04 -595.317 36.069 13.689 2.148 347049
2026 1 3 2 38 0 0 4.148 -3.008 6.322 -602.692 41.858 30.053 2.219 374583
2026 1 3 2 39 0 0 4.547 -3.152 5.958 -597.137 43.223 32.381 2.157 351550
2026 1 3 2 40 0 0 4.867 -3.909 5.081 -589.159 43.782 32.315 2.07 318874
2026 1 3 2 41 0 0 5.186 -4.666 4.203 -581.181 44.341 32.248 1.982 286198
2026 1 3 2 42 0 0 5.527 -5.489 3.051 -574.6 44.806 32.188 1.91 259243
2026 1 3 2 43 0 0 5.9 -6.124 1.53 -575.374 45.257 31.01 2.003 266849
2026 1 3 2 44 0 0 5.996 -4.978 3.27 -578.45 46.978 26.405 2.376 297227
2026 1 3 2 45 0 0 5.832 -3.819 4.927 -578.778 50.884 31.442 2.461 305636
2026 1 3 2 46 0 0 4.964 -3.837 5.134 -575.936 61.435 59.652 1.968 277724
2026 1 3 2 47 0 0 3.885 -5.59 3.909 -587.572 48.993 41.198 1.86 296816
2026 1 3 2 48 0 0 4.923 -4.388 5.382 -597.371 35.8 32.458 1.637 272313
2026 1 3 2 49 0 0 5.688 -5.046 4.24 -600.016 31.325 33.063 1.525 249714
2026 1 3 2 50 0 0 5.353 -5.633 3.517 -589.667 45.338 40.004 1.813 267639
2026 1 3 2 51 0 0 4.965 -5.879 2.792 -578.556 58.62 44.558 2.122 294782
2026 1 3 2 52 0 0 5.465 -5.459 0.876 -579.592 43.866 29.729 1.998 316818
2026 1 3 2 53 0 0 4.709 -6.108 3.634 -580.249 37.75 23.332 1.933 329013
2026 1 3 2 54 0 0 4.601 -5.489 4.466 -581.729 53.327 35.792 1.959 336464
2026 1 3 2 55 0 0 4.492 -4.871 5.298 -583.209 68.905 48.252 1.985 343916
2026 1 3 2 56 0 0 4.479 -4.34 5.942 -584.6 83.551 59.962 2.01 350921
2026 1 3 2 57 0 0 5.883 -5.14 3.404 -583.166 81.68 54.72 2.016 346811
2026 1 3 2 58 0 0 5.845 -5.413 -0.161 -566.9 60.007 -4.133 2.09 300189
2026 1 3 2 59 0 0 5.797 -5.421 0.841 -566.934 58.916 -2.115 2.063 291317
2026 1 3 3 0 0 0 6.052 -5.22 1.224 -567.032 55.74 3.851 1.985 265436
2026 1 3 3 1 0 0 5.643 -5.292 0.053 -567.1 53.53 7.991 1.93 247421
2026 1 3 3 2 0 0 3.943 -5.736 -3.107 -578.052 54.284 0.024 1.958 273498
2026 1 3 3 3 0 0 2.63 -5.751 -3.611 -607.545 56.302 -21.364 2.034 343726
2026 1 3 3 4 0 0 1.317 -5.766 -4.116 -637.039 58.32 -42.751 2.11 413954
2026 1 3 3 5 0 0 0.004 -5.781 -4.62 -666.533 60.338 -64.139 2.186 484181
2026 1 3 3 6 0 0 -1.309 -5.797 -5.124 -696.027 62.356 -85.526 2.263 554409
2026 1 3 3 7 0 0 0.979 -5.585 -5.367 -680.333 59.271 -88.715 2.221 536928
2026 1 3 3 8 0 0 1.165 -4.79 -4.653 -638.208 47.174 -90.967 2.327 547885
2026 1 3 3 9 0 0 0.993 -4.684 -3.766 -670.729 40.074 -102.654 2.625 643828
2026 1 3 3 10 0 0 1.988 -4.465 -2.763 -694.886 27.511 -115.33 2.881 679611
2026 1 3 3 11 0 0 3.105 -4.519 -1.191 -662.066 38.63 -75.226 2.623 558804
2026 1 3 3 12 0 0 4.237 -4.609 0.452 -622.033 52.746 -28.441 2.299 418176
2026 1 3 3 13 0 0 5.369 -4.699 2.096 -582.001 66.863 18.343 1.976 277549
2026 1 3 3 14 0 0 4.923 -6.036 2.153 -559.088 74.628 44.961 1.794 194166
2026 1 3 3 15 0 0 4.033 -7.224 1.184 -559.2 68.367 41.91 1.859 203419
2026 1 3 3 16 0 0 5.157 -6.225 1.544 -559.2 55.613 35.959 1.989 230937
2026 1 3 3 17 0 0 4.789 -6.317 1.746 -567.767 45.322 30.269 2.044 269246
2026 1 3 3 18 0 0 2.663 -7.694 1.75 -586.758 37.936 24.853 2.009 320892
2026 1 3 3 19 0 0 1.669 -8.201 1.378 -610.558 28.666 18.011 1.975 385789
2026 1 3 3 20 0 0 1.202 -8.489 0.685 -624.841 20.518 10.644 2.019 415181
2026 1 3 3 21 0 0 1.17 -8.595 -0.271 -631.295 13.294 2.845 2.125 415367
2026 1 3 3 22 0 0 2.952 -6.837 -0.163 -635.2 8.923 -1.875 2.19 415480
2026 1 3 3 23 0 0 6.206 -0.746 1.534 -635.2 8.922 -1.882 2.19 415480
2026 1 3 3 24 0 0 7.161 3.941 2.472 -629.443 17.066 -1.386 2.186 404960
2026 1 3 3 25 0 0 7.287 3.57 2.35 -615.053 37.428 -0.138 2.177 378663
2026 1 3 3 26 0 0 7.414 3.198 2.229 -600.663 57.789 1.111 2.167 352366
2026 1 3 3 27 0 0 7.54 2.826 2.108 -586.272 78.15 2.359 2.158 326070
2026 1 3 3 28 0 0 7.667 2.455 1.987 -571.882 98.511 3.608 2.148 299773
2026 1 3 3 29 0 0 7.794 2.083 1.866 -557.492 118.873 4.857 2.139 273476
2026 1 3 3 30 0 0 7.92 1.711 1.745 -543.101 139.234 6.105 2.129 247179
2026 1 3 3 31 0 0 8.042 1.313 1.652 -529.5 158.479 7.279 2.12 222324
2026 1 3 3 32 0 0 8.068 0.473 2.044 -530.251 157.425 7.588 2.118 224044
2026 1 3 3 33 0 0 7.764 0.064 2.386 -548.662 131.455 17.963 2.063 266218
2026 1 3 3 34 0 0 7.461 -0.345 2.729 -567.073 105.486 28.337 2.007 308392
2026 1 3 3 35 0 0 7.157 -0.754 3.071 -585.484 79.516 38.711 1.952 350566
2026 1 3 3 36 0 0 6.854 -1.163 3.414 -603.894 53.546 49.085 1.897 392740
2026 1 3 3 37 0 0 6.548 -1.188 3.103 -609.6 45.526 52.277 1.88 405810
2026 1 3 3 38 0 0 5.928 -3.344 2.468 -578.025 72.188 25.247 1.721 230278
2026 1 3 3 39 0 0 4.868 -5.581 2.5 -558.546 79.013 12.06 1.857 201203
2026 1 3 3 40 0 0 5.516 -6.113 1.403 -552 72.18 10.91 2.01 203452
2026 1 3 3 41 0 0 4.951 -6.725 1.304 -558.708 62.878 7.906 2.04 236366
2026 1 3 3 42 0 0 4.866 -6.854 1.154 -570.397 46.659 2.713 2.093 293726
2026 1 3 3 43 0 0 4.781 -6.976 0.79 -580.8 32.225 -1.911 2.14 344774
2026 1 3 3 44 0 0 4.696 -7.025 -1.059 -580.907 32.655 -3.528 2.122 341064
2026 1 3 3 45 0 0 4.565 -7.074 -0.962 -581.877 36.572 -18.026 1.962 307348
2026 1 3 3 46 0 0 4.463 -7.076 -0.955 -582.861 39.977 -32.007 1.814 276887
2026 1 3 3 47 0 0 4.889 -6.227 -2.628 -584.201 32.874 -35.876 1.904 312800
2026 1 3 3 48 0 0 4.958 -5.915 -3.355 -585.922 24.502 -42.256 2.018 354931
2026 1 3 3 49 0 0 5.535 -5.016 -3.89 -586.1 27.497 -55.265 2 339678
2026 1 3 3 50 0 0 5.016 -5.439 -3.789 -588.223 27.664 -55.633 2.005 331740
2026 1 3 3 51 0 0 4.31 -6.313 -3.107 -602.645 29.049 -58.005 2.035 277830
2026 1 3 3 52 0 0 5.372 -4.789 -4.012 -604.634 29.701 -58.599 2.04 269587
2026 1 3 3 53 0 0 4.964 -5.161 -3.851 -574.231 81.063 -83.767 2 290644
2026 1 3 3 54 0 0 4.634 -6.636 -1.988 -574.519 79.663 -76.938 1.995 292466
2026 1 3 3 55 0 0 4.576 -6.443 -1.057 -576.011 74.084 -52.13 1.978 298685
2026 1 3 3 56 0 0 4.518 -6.251 -0.126 -577.503 68.505 -27.322 1.962 304903
2026 1 3 3 57 0 0 4.461 -6.058 0.805 -578.995 62.926 -2.514 1.945 311122
2026 1 3 3 58 0 0 4.355 -5.932 1.942 -579.739 57.916 18.418 1.93 315264
2026 1 3 3 59 0 0 4.013 -6.349 3.496 -578.894 54.906 13.628 1.945 324714
2026 1 3 4 0 0 0 4.029 -7.056 1.241 -591.697 44.486 13.936 2.016 408530
2026 1 3 4 1 0 0 2.788 -6.977 -3.052 -593.258 37.693 1.243 2.096 431935
2026 1 3 4 2 0 0 4.058 -7.089 -0.256 -596.546 32.88 -27.142 1.657 264712
2026 1 3 4 3 0 0 4.561 -7.188 0.758 -597.023 31.335 -32.976 1.548 225842
2026 1 3 4 4 0 0 5.232 -6.82 0.465 -592.838 26.741 -15.128 1.608 290184
2026 1 3 4 5 0 0 5.837 -6.358 0.26 -592 25.81 -11.562 1.62 303093
2026 1 3 4 6 0 0 5.543 -6.561 0.544 -586.161 25.868 -1.895 1.779 353472
2026 1 3 4 7 0 0 5.22 -6.779 0.863 -579.9 25.931 8.474 1.95 407497
2026 1 3 4 8 0 0 6.232 -5.893 0.758 -579.487 26.361 8.214 1.947 405073
2026 1 3 4 9 0 0 6.443 -5.605 0.556 -572.404 33.634 4.078 1.898 363474
2026 1 3 4 10 0 0 6.654 -5.316 0.354 -565.321 40.907 -0.058 1.849 321874
2026 1 3 4 11 0 0 6.865 -5.027 0.152 -558.238 48.18 -4.194 1.801 280275
2026 1 3 4 12 0 0 7.076 -4.739 -0.05 -551.155 55.453 -8.33 1.752 238676
2026 1 3 4 13 0 0 6.388 -5.126 -1.173 -554.519 55.604 -24.569 1.79 261346
2026 1 3 4 14 0 0 6.075 -5.382 -1.763 -558.884 54.493 -39.126 1.776 256639
2026 1 3 4 15 0 0 6.62 -4.872 -1.682 -561.021 57.223 -40.272 1.787 242045
2026 1 3 4 16 0 0 6.046 -5.086 -2.791 -565.456 62.054 -40.496 1.969 297403
2026 1 3 4 17 0 0 5.334 -5.423 -3.723 -563.776 69.634 -45.802 2.036 302760
2026 1 3 4 18 0 0 5.57 -4.647 -4.1 -565.783 72.65 -59.519 2.029 306906
2026 1 3 4 19 0 0 5.805 -3.872 -4.476 -567.79 75.666 -73.237 2.022 311052
2026 1 3 4 20 0 0 6.041 -3.096 -4.853 -569.797 78.682 -86.954 2.014 315198
2026 1 3 4 21 0 0 5.648 -2.719 -5.309 -578.35 82.856 -98.185 1.892 295600
2026 1 3 4 22 0 0 4.562 -2.906 -5.813 -594.403 87.947 -106.719 1.65 252172
2026 1 3 4 23 0 0 4.333 -4.001 -5.719 -604.676 87.179 -119.252 1.65 269542
2026 1 3 4 24 0 0 4.51 -4.432 -4.26 -598.096 76.21 -76.977 1.602 252118
2026 1 3 4 25 0 0 4.732 -4.79 -2.65 -589.65 64.113 -28.634 1.548 230841
2026 1 3 4 26 0 0 4.733 -4.89 -1.898 -583.14 55.135 4.898 1.517 220287
2026 1 3 4 27 0 0 3.416 -3.492 -5.952 -589.593 64.684 -48.625 1.681 298738
2026 1 3 4 28 0 0 4.466 -5.14 0.65 -581.2 40.315 63.552 1.84 366009
2026 1 3 4 29 0 0 3.991 -5.793 -0.891 -581.2 40.368 63.518 1.84 366009
2026 1 3 4 30 0 0 2.962 -3.954 -6.131 -579.691 44.339 20.756 1.826 337662
2026 1 3 4 31 0 0 4.02 -3.248 -6.304 -575.9 54.176 -86.656 1.79 266421
2026 1 3 4 32 0 0 4.429 -2.296 -6.528 -575.9 54.104 -86.701 1.79 266421
2026 1 3 4 33 0 0 4.307 -3.559 -6.173 -579.482 56.09 -88.647 1.686 241764
2026 1 3 4 34 0 0 4.215 -4.499 -5.196 -587.065 59.622 -91.879 1.46 189859
2026 1 3 4 35 0 0 4.787 -4.177 -5.512 -581.136 54.704 -83.064 1.62 244139
2026 1 3 4 36 0 0 4.859 -4.414 -5.161 -577.048 74.149 -88.94 1.89 315566
2026 1 3 4 37 0 0 5.089 -5.279 -4.317 -578.239 95.635 -101.115 1.985 329023
2026 1 3 4 38 0 0 5.035 -4.459 -4.964 -575.89 90.579 -93.787 1.909 313702
2026 1 3 4 39 0 0 4.981 -3.638 -5.611 -573.542 85.522 -86.459 1.833 298380
2026 1 3 4 40 0 0 5.084 -3.121 -5.926 -571.888 84.96 -84.309 1.799 291544
2026 1 3 4 41 0 0 5.333 -3.578 -5.471 -570.39 94.912 -93.27 1.829 298198
2026 1 3 4 42 0 0 5.425 -3.681 -5.407 -568.914 92.159 -94.939 1.813 277371
2026 1 3 4 43 0 0 5.308 -2.851 -6.037 -571.244 87.467 -89.374 1.757 258789
2026 1 3 4 44 0 0 5.301 -3.179 -5.707 -574.85 98.665 -90.992 1.736 274523
2026 1 3 4 45 0 0 5.611 -4.375 -4.513 -572.944 93.343 -83.544 1.744 275440
2026 1 3 4 46 0 0 5.893 -4.734 -3.714 -564.683 69.392 -59.003 1.787 267392
2026 1 3 4 47 0 0 5.592 -4.902 -3.695 -563.995 58.825 -50.491 1.806 275355
2026 1 3 4 48 0 0 4.676 -5.277 -3.666 -569.764 67.984 -61.528 1.786 290732
2026 1 3 4 49 0 0 4.375 -6.187 -1.931 -569.993 85.473 -73.821 1.754 280145
2026 1 3 4 50 0 0 5.276 -6.4 -0.548 -568.71 82.304 -61.565 1.778 267170
2026 1 3 4 51 0 0 5.663 -5.752 -1.778 -577.5 41.063 -16.191 1.88 298911
2026 1 3 4 52 0 0 5.388 -6.051 -1.811 -575.305 40.894 -19.261 1.844 294908
2026 1 3 4 53 0 0 4.559 -6.335 -2.742 -568.461 39.223 -40.685 1.637 273171
2026 1 3 4 54 0 0 4.377 -6.077 -3.589 -581.773 38.938 -50.465 1.658 284785
2026 1 3 4 55 0 0 4.945 -5.841 -3.032 -572.082 50.912 -48.49 1.858 345502
2026 1 3 4 56 0 0 4.125 -6.729 -2.21 -571.392 51.599 -48.492 1.842 329951
2026 1 3 4 57 0 0 4.891 -6.356 -1.978 -579.2 48.029 -53.317 1.73 262182
2026 1 3 4 58 0 0 4.379 -6.567 -2.208 -579.2 47.986 -53.357 1.73 262182
2026 1 3 4 59 0 0 5.135 -6.269 0.483 -578.388 47.775 -46.623 1.721 260584
2026 1 3 5 0 0 0 5.355 -6.091 1.284 -569 45.79 31.59 1.62 242111
2026 1 3 5 1 0 0 5.978 -5.444 1.51 -566.532 47.611 31.035 1.633 240845
2026 1 3 5 2 0 0 5.763 -5.615 1.155 -553.964 56.779 28.361 1.701 234399
2026 1 3 5 3 0 0 5.651 -5.483 1.588 -555.42 54.906 25.609 1.796 266633
2026 1 3 5 4 0 0 5.688 -5.224 2.317 -565.855 46.059 23.24 1.899 319502
2026 1 3 5 5 0 0 5.759 -5.158 2.486 -572.034 43.3 22.953 1.944 343728
2026 1 3 5 6 0 0 5.535 -5.107 2.602 -574.409 52.382 27.175 1.874 324006
2026 1 3 5 7 0 0 5.31 -5.056 2.717 -576.784 61.465 31.396 1.803 304284
2026 1 3 5 8 0 0 5.104 -5.07 2.672 -578.241 68.521 32.362 1.764 289454
2026 1 3 5 9 0 0 5.19 -5.218 2.224 -573.092 64.184 19.266 1.993 310950
2026 1 3 5 10 0 0 5.369 -5.001 3.433 -574.182 66.348 34.167 2.131 323795
2026 1 3 5 11 0 0 4.821 -6.597 2.167 -582.865 48.179 26.451 2.004 339483
2026 1 3 5 12 0 0 5.232 -6.534 1.174 -582.189 40.285 14.483 1.878 296911
2026 1 3 5 13 0 0 5.378 -5.977 2.364 -581.213 29.314 -2.318 1.712 237413
2026 1 3 5 14 0 0 4.368 -6.622 2.276 -581.2 29.167 -2.562 1.71 236631
2026 1 3 5 15 0 0 3.807 -7.356 0.649 -573.7 36.306 -13.898 1.3 126022
2026 1 3 5 16 0 0 3.697 -6.206 2.695 -573.817 37.363 -12.25 1.312 129920
2026 1 3 5 17 0 0 4.64 -2.685 6.35 -576.085 57.758 19.751 1.533 204280
2026 1 3 5 18 0 0 4.196 -3.233 6.484 -580.39 93.617 75.98 1.925 334342
2026 1 3 5 19 0 0 4.235 -4.44 5.715 -581.031 85.505 63.469 1.889 301830
2026 1 3 5 20 0 0 5.433 -3.589 5.246 -581.3 82.466 58.698 1.88 289378
2026 1 3 5 21 0 0 5.872 -2.876 5.108 -580.2 82.069 58.166 1.865 283008
2026 1 3 5 22 0 0 5.912 -4.456 2.931 -563.9 75.55 51.163 1.65 188645
2026 1 3 5 23 0 0 5.131 -3.559 4.505 -568.928 71.561 50.278 1.684 207816
2026 1 3 5 24 0 0 5.295 -4.245 3.578 -581.674 60.83 47.089 1.769 256600
2026 1 3 5 25 0 0 5.865 -5.402 1.365 -579.102 51.67 26.145 1.745 250569
2026 1 3 5 26 0 0 6.008 -5.131 -0.404 -574.528 41.479 -6.677 1.696 243560
2026 1 3 5 27 0 0 5.911 -4.482 2.615 -575.9 72.119 24.192 1.68 262740
2026 1 3 5 28 0 0 7.123 -3.358 2.154 -574.909 72.654 24.559 1.689 260638
2026 1 3 5 29 0 0 7.142 -3.27 2.336 -567.514 76.518 27.673 1.757 244959
2026 1 3 5 30 0 0 7.162 -3.183 2.517 -560.12 80.381 30.787 1.825 229281
2026 1 3 5 31 0 0 7.182 -3.095 2.698 -552.725 84.244 33.901 1.893 213602
2026 1 3 5 32 0 0 5.844 -4.226 2.523 -561.626 75.698 32.924 1.949 245649
2026 1 3 5 33 0 0 3.891 -5.941 2.2 -580.885 59.3 29.336 1.996 307935
2026 1 3 5 34 0 0 3.394 -6.519 2.324 -598.498 44.348 26.094 2.032 364898
2026 1 3 5 35 0 0 4.696 -5.876 1.849 -550.739 72.129 -8.586 1.856 168781
2026 1 3 5 36 0 0 5.384 -5.468 1.156 -547.54 76.058 -5.621 1.873 183297
2026 1 3 5 37 0 0 5.456 -5.556 1.056 -562.582 59.087 1.764 1.834 230223
2026 1 3 5 38 0 0 5.574 -5.55 1.05 -587.53 30.747 11.472 1.764 294288
2026 1 3 5 39 0 0 6.116 -4.87 0.109 -583.661 40.499 -20.233 1.914 323104
2026 1 3 5 40 0 0 6.231 -4.61 -1.133 -580.184 49.121 -41.62 1.985 335246
2026 1 3 5 41 0 0 6.065 -4.34 -1.429 -578.265 62.603 -52.076 1.762 302340
2026 1 3 5 42 0 0 6 -4.096 -1.849 -576.7 73.594 -60.618 1.58 275490
2026 1 3 5 43 0 0 5.99 -4.369 -2.018 -566.69 74.742 -52.362 1.65 247965
2026 1 3 5 44 0 0 4.656 -5.737 -0.951 -559.403 64.803 -31.297 1.894 272973
2026 1 3 5 45 0 0 3.899 -6.36 -1.31 -563.134 67.574 -22.437 1.881 291110
2026 1 3 5 46 0 0 4.005 -6.022 -1.341 -562.649 63.294 -33.456 1.711 237808
2026 1 3 5 47 0 0 3.901 -6.1 -0.879 -577.13 23.238 -53.972 1.746 278526
2026 1 3 5 48 0 0 3.349 -7.403 -1.145 -573.653 9.565 -56.226 1.801 253175
2026 1 3 5 49 0 0 3.534 -6.82 -1.845 -578.807 13.888 -59.489 1.897 300741
2026 1 3 5 50 0 0 3.72 -6.236 -2.546 -583.962 18.211 -62.752 1.993 348307
2026 1 3 5 51 0 0 3.905 -5.653 -3.246 -589.116 22.534 -66.015 2.089 395872
2026 1 3 5 52 0 0 3.792 -5.206 -3.994 -589.905 33.164 -68.427 2.151 421842
2026 1 3 5 53 0 0 4.669 -5.369 -0.185 -543.914 106.638 -60.867 1.82 207135
2026 1 3 5 54 0 0 5.296 -5.402 0.988 -551.213 93.859 -39.227 1.966 279455
2026 1 3 5 55 0 0 5.173 -5.618 1.081 -564.715 70.949 -14.408 2.174 387767
2026 1 3 5 56 0 0 5.049 -5.834 1.173 -578.217 48.038 10.41 2.382 496078
2026 1 3 5 57 0 0 4.926 -6.049 1.265 -591.719 25.128 35.228 2.59 604389
2026 1 3 5 58 0 0 4.173 -6.089 2.324 -592.4 24 36.461 2.6 609850
2026 1 3 5 59 0 0 5.304 -5.712 1.131 -592.211 24.132 36.163 2.6 608184
2026 1 3 6 0 0 0 5.422 -5.478 1.321 -564.017 44.408 -12.302 1.981 303082
2026 1 3 6 1 0 0 4.952 -5.842 2.21 -571.493 32.556 -4.318 1.975 334255
2026 1 3 6 2 0 0 5.107 -5.716 2.153 -568.2 23.191 -18.985 1.79 267466
2026 1 3 6 3 0 0 5.419 -5.429 2.114 -568.279 25.014 -16.249 1.79 266795
2026 1 3 6 4 0 0 5.374 -5.424 2.171 -568.601 32.447 -5.1 1.79 264074
2026 1 3 6 5 0 0 5.33 -5.419 2.228 -568.923 39.879 6.049 1.79 261354
2026 1 3 6 6 0 0 5.285 -5.414 2.285 -569.245 47.312 17.198 1.79 258634
2026 1 3 6 7 0 0 5.278 -5.536 1.829 -568.719 50.884 22.942 1.777 255808
2026 1 3 6 8 0 0 5.395 -5.981 0.013 -567.764 41.825 12.221 1.721 253004
2026 1 3 6 9 0 0 5.31 -5.926 0.239 -577.702 39.569 16.043 1.682 251457
2026 1 3 6 10 0 0 4.019 -5.706 2.535 -607.268 42.949 38.564 1.604 249736
2026 1 3 6 11 0 0 4.861 -5.019 2.759 -566.681 48.506 4.12 1.836 279267
2026 1 3 6 12 0 0 4.123 -5.219 3.453 -573.255 60.421 14.26 1.921 374754
2026 1 3 6 13 0 0 3.895 -5.268 3.76 -569.644 66.699 21.804 1.803 309366
2026 1 3 6 14 0 0 1.859 -6.266 4.351 -560 73.069 24.747 1.55 163152
2026 1 3 6 15 0 0 1.969 -6.827 3.434 -569.163 63.801 22.481 1.603 204456
2026 1 3 6 16 0 0 2.013 -6.939 2.9 -590.787 41.907 17.207 1.728 301923
2026 1 3 6 17 0 0 2.056 -7.05 2.366 -612.411 20.013 11.933 1.853 399391
2026 1 3 6 18 0 0 2.267 -6.905 2.372 -624 8.281 9.104 1.92 451630
2026 1 3 6 19 0 0 2.966 -6.767 2.769 -585.548 33.199 -13.735 1.697 234132
2026 1 3 6 20 0 0 2.564 -6.395 4.237 -595.24 36.749 5.436 1.641 258194
2026 1 3 6 21 0 0 2.846 -5.934 4.823 -606.976 39.75 26.78 1.591 291147
2026 1 3 6 22 0 0 3.042 -5.137 5.608 -598.653 59.672 56.253 1.656 293382
2026 1 3 6 23 0 0 2.494 -5.179 5.758 -597.709 63.91 61.756 1.672 298467
2026 1 3 6 24 0 0 1.542 -4.053 6.744 -605.591 60.956 61.052 1.642 322457
2026 1 3 6 25 0 0 2.264 -3.448 6.885 -605.176 80.739 78.562 1.742 347775
2026 1 3 6 26 0 0 2.501 -5.834 4.442 -604 87.969 84.621 1.78 353321
2026 1 3 6 27 0 0 2.799 -7.109 1.634 -605.107 21.702 23.323 1.839 337695
2026 1 3 6 28 0 0 1.241 -7.766 0.974 -605.5 -2.266 1.19 1.86 332049
2026 1 3 6 29 0 0 0.18 -7.942 -0.914 -619.129 3.528 -33.572 1.878 379693
2026 1 3 6 30 0 0 0.541 -7.815 -1.465 -629.847 8.343 -54.943 1.803 377317
2026 1 3 6 31 0 0 2.84 -6.971 0.373 -632.347 9.665 -50.402 1.642 312179
2026 1 3 6 32 0 0 5.531 -5.722 1.937 -627.541 10.895 -45.114 1.549 268831
2026 1 3 6 33 0 0 5.427 -5.902 1.683 -605.674 12.644 -35.891 1.546 248986
2026 1 3 6 34 0 0 5.324 -6.082 1.428 -583.808 14.393 -26.669 1.543 229142
2026 1 3 6 35 0 0 5.31 -6.169 1.198 -565.9 15.822 -19.118 1.54 212891
2026 1 3 6 36 0 0 5.691 -5.843 1.108 -565.9 15.809 -19.129 1.54 212891
2026 1 3 6 37 0 0 5.901 -5.691 1.028 -563.568 21.341 -16.701 1.663 241636
2026 1 3 6 38 0 0 5.625 -5.979 0.618 -556.753 38.308 -13.005 1.947 313959
2026 1 3 6 39 0 0 5.317 -6.199 1.025 -554.912 44.907 -20.897 1.834 303406
2026 1 3 6 40 0 0 4.977 -6.356 1.251 -557.491 49.134 -32.138 1.764 300335
2026 1 3 6 41 0 0 4.712 -6.468 0.454 -564.865 49.577 -45.004 1.751 306988
2026 1 3 6 42 0 0 4.447 -6.58 -0.343 -572.24 50.019 -57.869 1.738 313640
2026 1 3 6 43 0 0 4.182 -6.691 -1.14 -579.614 50.461 -70.735 1.726 320292
2026 1 3 6 44 0 0 3.917 -6.803 -1.937 -586.988 50.904 -83.6 1.713 326944
2026 1 3 6 45 0 0 3.652 -6.915 -2.734 -594.363 51.346 -96.466 1.701 333596
2026 1 3 6 46 0 0 3.881 -6.249 -3.893 -588.241 36.37 -87.472 1.669 304273
2026 1 3 6 47 0 0 4.578 -6.508 -2.386 -582.067 20.505 -75.885 1.652 280088
2026 1 3 6 48 0 0 4.285 -6.903 -0.083 -579.798 -2.525 -45.486 1.769 309608
2026 1 3 6 49 0 0 3.319 -5.459 4.958 -581.27 -3.309 -36.194 1.76 339182
2026 1 3 6 50 0 0 3.014 -5.27 4.942 -589.887 39.627 -1.342 1.516 197607
2026 1 3 6 51 0 0 4.581 -5.761 1.887 -591.5 47.696 5.141 1.47 170908
2026 1 3 6 52 0 0 5.236 -6.247 1.219 -591.5 47.699 5.11 1.47 170915
2026 1 3 6 53 0 0 4.766 -6.36 2.073 -570.4 21.488 -18.014 1.63 190542
2026 1 3 6 54 0 0 4.114 -6.391 3.191 -569.637 23.225 -16.704 1.638 191228
2026 1 3 6 55 0 0 4.808 -5.727 2.902 -563.969 36.196 -6.879 1.699 196326
2026 1 3 6 56 0 0 5.503 -5.063 2.613 -558.301 49.168 2.946 1.76 201424
2026 1 3 6 57 0 0 6.197 -4.399 2.324 -552.634 62.139 12.771 1.822 206522
2026 1 3 6 58 0 0 6.777 -4.19 1.551 -550.472 62.304 5.863 1.829 212118
2026 1 3 6 59 0 0 7.207 -3.694 1.748 -551.456 48.659 -20.601 1.78 218376
2026 1 3 7 0 0 0 7.102 -3.029 2.939 -559.419 57.586 -6.961 1.612 189513
2026 1 3 7 1 0 0 6.524 -2.924 3.716 -570.975 86.655 41.401 1.384 132914
2026 1 3 7 2 0 0 6.335 -3.325 3.75 -551.339 75.516 0.073 1.58 127501
2026 1 3 7 3 0 0 6.923 -2.333 3.52 -537.897 79.445 2.597 1.76 182218
2026 1 3 7 4 0 0 7.08 -1.988 3.54 -547.786 86.401 16.682 1.774 189781
2026 1 3 7 5 0 0 6.632 -2.512 3.85 -551.949 84.313 14.574 1.819 186745
2026 1 3 7 6 0 0 5.921 -3.81 3.786 -550.12 76.771 8.424 1.877 193756
2026 1 3 7 7 0 0 5.656 -4.145 3.811 -553.167 76.605 11.895 1.905 196380
2026 1 3 7 8 0 0 5.614 -3.632 4.231 -557.806 81.184 19.91 1.93 197137
2026 1 3 7 9 0 0 5.572 -3.119 4.651 -562.446 85.762 27.925 1.956 197895
2026 1 3 7 10 0 0 5.53 -2.606 5.07 -567.085 90.341 35.94 1.982 198653
2026 1 3 7 11 0 0 5.183 -2.578 5.476 -573.707 85.473 38.635 1.972 200243
2026 1 3 7 12 0 0 4.138 -3.734 5.801 -584.999 57.548 28.487 1.883 205634
2026 1 3 7 13 0 0 4.572 -4.306 5.118 -589.706 42.898 29.112 1.957 249886
2026 1 3 7 14 0 0 4.697 -3.845 5.439 -589.124 43.014 30.849 1.989 262664
2026 1 3 7 15 0 0 4.829 -4.12 5.058 -582.062 48.795 33.688 2.006 270852
2026 1 3 7 16 0 0 5.106 -4.151 4.678 -576 53.758 36.082 2.02 277617
2026 1 3 7 17 0 0 5.99 -3.019 4.426 -575.155 54.376 35.034 2.004 272274
2026 1 3 7 18 0 0 6.129 -3.077 4.194 -569.418 58.449 28.102 1.893 235993
2026 1 3 7 19 0 0 6.268 -3.136 3.963 -563.68 62.522 21.169 1.783 199712
2026 1 3 7 20 0 0 6.406 -3.194 3.731 -557.943 66.595 14.237 1.672 163430
2026 1 3 7 21 0 0 6.545 -3.252 3.499 -552.205 70.668 7.305 1.562 127148
2026 1 3 7 22 0 0 6.31 -3.405 3.76 -552.798 67.898 4.306 1.685 151550
2026 1 3 7 23 0 0 5.708 -3.287 4.657 -557.497 63.117 7.084 1.865 199848
2026 1 3 7 24 0 0 5.293 -2.617 5.443 -560.585 70.062 15.663 1.87 207969
2026 1 3 7 25 0 0 5.183 -1.742 5.777 -563.838 86.608 28.626 1.87 207760
2026 1 3 7 26 0 0 5.092 -1.097 6.042 -567.786 100.324 37.169 1.834 211841
2026 1 3 7 27 0 0 5.112 -1.304 5.983 -571.071 103.057 35.776 1.726 215818
2026 1 3 7 28 0 0 5.291 -2.492 5.48 -567.47 88.599 30.748 1.64 193005
2026 1 3 7 29 0 0 5.106 -2.309 5.655 -568.697 82.889 26.785 1.713 198685
2026 1 3 7 30 0 0 4.946 -2.456 5.596 -574.36 78.669 23.21 1.898 227575
2026 1 3 7 31 0 0 5.021 -3.442 4.611 -573.178 71.56 23.545 1.926 249735
2026 1 3 7 32 0 0 4.422 -1.54 4.355 -564.8 42.649 1.444 2.06 297467
2026 1 3 7 33 0 0 4.485 2.615 6.083 -566.523 48.527 2.953 1.98 278723
2026 1 3 7 34 0 0 4.991 0.531 5.85 -572.56 69.121 8.298 1.698 213048
2026 1 3 7 35 0 0 5.488 -1.585 5.554 -578.5 89.387 13.556 1.42 148420
2026 1 3 7 36 0 0 5.368 -5.599 1.4 -578.193 87.716 12.004 1.425 149388
2026 1 3 7 37 0 0 4.882 -6.685 -1.487 -566.5 23.866 -45.174 1.61 186221
2026 1 3 7 38 0 0 4.792 -6.574 -2.324 -564.451 21.139 -47.329 1.596 182215
2026 1 3 7 39 0 0 4.675 -6.423 -3.087 -554.004 7.451 -58.166 1.527 161881
2026 1 3 7 40 0 0 4.286 -6.658 -3.219 -556.969 0.908 -69.882 1.559 165198
2026 1 3 7 41 0 0 4.131 -6.963 -2.913 -565.299 1.735 -72.22 1.596 176626
2026 1 3 7 42 0 0 4.546 -6.809 -2.756 -559.401 1.118 -58.733 1.466 160000
2026 1 3 7 43 0 0 4.247 -6.557 -3.491 -559.795 4.277 -62.66 1.43 154301
2026 1 3 7 44 0 0 3.619 -6.127 -4.708 -566.965 12.776 -83.98 1.453 155688
2026 1 3 7 45 0 0 3.181 -5.998 -5.343 -572.658 18.149 -98.696 1.459 156081
2026 1 3 7 46 0 0 3.241 -6.567 -4.539 -574.812 14.763 -94.578 1.432 159080
2026 1 3 7 47 0 0 3.384 -6.836 -3.963 -577.215 8.689 -82.766 1.456 181654
2026 1 3 7 48 0 0 3.517 -6.665 -4.011 -575.812 5.521 -71.368 1.532 201156
2026 1 3 7 49 0 0 3.674 -6.853 -3.408 -566.395 4.544 -59.971 1.435 170162
2026 1 3 7 50 0 0 4.295 -6.917 -1.858 -557.76 0.556 -48.629 1.461 166176
2026 1 3 7 51 0 0 4.879 -6.63 0.126 -543.12 -1.856 -23.847 1.465 156750
2026 1 3 7 52 0 0 5.17 -6.395 1.185 -542.505 -2.139 -8.274 1.463 156919
2026 1 3 7 53 0 0 5.151 -6.29 0.851 -546.507 -5.065 8.301 1.489 162598
2026 1 3 7 54 0 0 5.132 -6.185 0.517 -550.51 -7.99 24.875 1.514 168276
2026 1 3 7 55 0 0 5.092 -6.192 -0.236 -552.96 -9.768 35.066 1.53 171758
2026 1 3 7 56 0 0 5.341 -6.067 -1.678 -537.932 3.906 -22.703 1.617 156139
2026 1 3 7 57 0 0 5.209 -6.363 -1.286 -533.548 13.945 -30.746 1.9 203232
2026 1 3 7 58 0 0 4.843 -6.602 -1.726 -542.566 2.046 -39.982 1.781 201437
2026 1 3 7 59 0 0 4.909 -6.542 -1.875 -547.301 -4.975 -46.493 1.694 194256
2026 1 3 8 0 0 0 4.425 -6.903 -0.138 -549.842 4.293 -25.96 1.931 224787
2026 1 3 8 1 0 0 4.369 -7.046 0.686 -551.5 11.492 -10.417 2.11 247913
2026 1 3 8 2 0 0 4.631 -6.883 -0.231 -549.333 12.156 -18.573 2.004 241402
2026 1 3 8 3 0 0 4.392 -6.91 -1.298 -544.981 13.49 -35.049 1.792 228222
2026 1 3 8 4 0 0 4.466 -6.821 -1.677 -545.121 9.951 -41.689 1.644 206598
2026 1 3 8 5 0 0 4.032 -6.798 -2.223 -548.445 2.459 -42.176 1.522 176155
2026 1 3 8 6 0 0 3.791 -6.541 -1.778 -546.543 3.248 -28.216 1.481 158153
2026 1 3 8 7 0 0 4.562 -5.859 0.469 -538.31 14.433 2.172 1.548 158218
2026 1 3 8 8 0 0 5.334 -5.177 2.715 -530.076 25.617 32.559 1.616 158282
2026 1 3 8 9 0 0 5.584 -4.888 3.492 -526.546 34.016 36.083 1.597 145368
2026 1 3 8 10 0 0 5.509 -5.408 2.919 -522.179 49.065 28.176 1.508 112354
2026 1 3 8 11 0 0 5.398 -5.908 1.996 -528.401 22.705 15.499 1.626 150770
2026 1 3 8 12 0 0 5.246 -6.212 0.371 -531.073 11.675 4.23 1.602 152080
2026 1 3 8 13 0 0 4.704 -6.31 -2.088 -532.526 6.169 -8.353 1.52 136412
2026 1 3 8 14 0 0 5.446 -5.886 0.414 -527.401 10.053 7.063 1.5 138097
2026 1 3 8 15 0 0 5.661 -6.016 0.175 -525.8 11.594 12.473 1.5 139741
2026 1 3 8 16 0 0 5.523 -6.046 -1.094 -531.277 2.666 -20.248 1.659 157130
2026 1 3 8 17 0 0 5.198 -6.381 -0.212 -534.3 -0.07 -21.205 1.644 158738
2026 1 3 8 18 0 0 5.283 -6.336 0.245 -535.646 -0.424 -14.666 1.601 156206
2026 1 3 8 19 0 0 5.351 -6.181 -0.329 -532.622 -1.673 -23.545 1.548 144208
2026 1 3 8 20 0 0 4.937 -6.513 0.314 -531.2 -2.161 -27.895 1.53 139237
2026 1 3 8 21 0 0 4.868 -6.594 -0.071 -531.905 -2.542 -6.749 1.395 97192.3
2026 1 3 8 22 0 0 4.563 -6.679 -1.336 -534.68 -2.068 -3.793 1.34 86292.3
2026 1 3 8 23 0 0 4.666 -6.62 -1.418 -541.057 -0.231 -27.212 1.397 119599
2026 1 3 8 24 0 0 4.712 -6.606 -0.988 -545.91 -2.126 -24.138 1.61 178429
2026 1 3 8 25 0 0 4.744 -6.512 -1.171 -545.947 -2.556 -12.994 1.801 218996
2026 1 3 8 26 0 0 4.703 -6.393 -1.924 -541.451 6.446 -35.493 1.748 201515
2026 1 3 8 27 0 0 4.899 -6.369 -0.866 -537.437 7.876 -13.367 1.597 163032
2026 1 3 8 28 0 0 4.888 -6.437 0.65 -536.822 6.033 -2.631 1.569 158259
2026 1 3 8 29 0 0 4.994 -6.372 0.836 -538.559 -0.913 -4.917 1.574 170639
2026 1 3 8 30 0 0 5.262 -6.168 0.951 -534.634 -1.142 -19.076 1.596 164776
2026 1 3 8 31 0 0 5.569 -5.482 2.237 -527.901 17.471 20.606 1.518 126511
2026 1 3 8 32 0 0 5.615 -5.156 2.739 -526.6 22.61 35.039 1.49 116490
2026 1 3 8 33 0 0 5.714 -2.877 3.702 -524.086 57.172 47.512 1.825 142808
2026 1 3 8 34 0 0 5.82 -0.44 4.673 -521.5 92.724 60.34 2.17 169880
2026 1 3 8 35 0 0 5.721 0.387 4.86 -521.5 92.747 60.304 2.17 169880
2026 1 3 8 36 0 0 5.24 0.621 5.332 -522.622 93.574 60.905 2.161 171426
2026 1 3 8 37 0 0 5.24 0.924 5.222 -529.289 98.373 64.649 2.109 180607
2026 1 3 8 38 0 0 5.24 1.226 5.112 -535.955 103.172 68.393 2.056 189788
2026 1 3 8 39 0 0 5.467 0.915 4.891 -536.065 103.886 68.314 2.05 190729
2026 1 3 8 40 0 0 5.346 0.115 5.094 -521.373 97.938 55.608 2.193 193214
2026 1 3 8 41 0 0 5.559 -0.049 5.02 -530.143 66.69 55.802 2.299 206485
2026 1 3 8 42 0 0 5.456 -0.753 5.077 -531.72 61.659 55.869 2.319 208639
2026 1 3 8 43 0 0 5.499 -2.367 4.223 -527.267 33.478 59.044 2.015 172923
2026 1 3 8 44 0 0 5.481 -2.994 3.665 -528.466 35.32 57.292 2.02 176264
2026 1 3 8 45 0 0 5.451 -3.069 4.1 -529.283 53.584 49.799 2.079 174696
2026 1 3 8 46 0 0 5.001 -3.536 4.098 -522.823 64.06 48.002 2.062 161394
2026 1 3 8 47 0 0 4.715 -3.29 4.448 -533.152 23.005 38.632 2.364 291346
2026 1 3 8 48 0 0 4.756 -1.223 5.504 -534.146 19.65 38.67 2.383 301468
2026 1 3 8 49 0 0 5.056 -2.224 5.089 -527.422 64.291 70.634 1.865 146514
2026 1 3 8 50 0 0 5.299 -2.137 4.945 -527.1 66.449 72.142 1.84 139102
2026 1 3 8 51 0 0 5.578 -2.628 3.964 -526.717 29.771 45.481 1.964 173504
2026 1 3 8 52 0 0 6.005 -3.084 3.206 -526.604 28.324 44.167 1.97 174722
2026 1 3 8 53 0 0 5.758 -3.089 3.629 -513.98 49.938 34.351 2.04 143488
2026 1 3 8 54 0 0 5.644 -2.986 4.001 -519.583 47.328 41.564 1.997 155631
2026 1 3 8 55 0 0 6.066 -2.764 3.614 -522.896 45.617 45.931 1.972 162277
2026 1 3 8 56 0 0 6.234 -2.89 3.133 -514.2 45.023 36.079 2.03 126520
2026 1 3 8 57 0 0 6.237 -2.873 3.111 -514.2 45.034 36.065 2.03 126520
2026 1 3 8 58 0 0 6.218 -2.821 3.184 -513.657 46.214 35.646 2.048 126809
2026 1 3 8 59 0 0 6.345 -2.868 2.847 -511.233 51.444 33.823 2.127 128098
2026 1 3 9 0 0 0 6.309 -2.858 2.795 -510.293 53.315 32.696 2.147 127855
2026 1 3 9 1 0 0 6.039 -2.7 3.253 -512.857 48.259 34.253 2.046 125062
2026 1 3 9 2 0 0 6.07 -2.488 3.475 -515.101 44.74 37.903 1.962 122801
2026 1 3 9 3 0 0 6.066 -2.478 3.638 -510.453 48.87 34.148 1.986 118731
2026 1 3 9 4 0 0 6.053 -2.472 3.632 -511.973 50.669 36.741 2.041 128395
2026 1 3 9 5 0 0 6.04 -2.465 3.625 -513.493 52.467 39.334 2.096 138059
2026 1 3 9 6 0 0 6.034 -2.483 3.599 -514.453 52.754 40.58 2.115 142596
2026 1 3 9 7 0 0 6.075 -2.517 3.509 -513.374 47.678 36.968 2.007 128664
2026 1 3 9 8 0 0 6.067 -2.443 3.544 -514.335 45.123 37.485 1.976 132769
2026 1 3 9 9 0 0 5.678 -2.918 3.815 -519.9 44.833 46.257 2.04 174853
2026 1 3 9 10 0 0 5.745 -2.884 3.701 -519.006 46.652 46.257 2.047 171630
2026 1 3 9 11 0 0 5.708 -2.782 3.77 -512.926 58.818 46.308 2.092 149528
2026 1 3 9 12 0 0 5.638 -2.723 3.866 -512.375 56.998 45.772 2.085 141485
2026 1 3 9 13 0 0 5.546 -2.286 4.154 -513.468 49.725 48.094 2.006 123429
2026 1 3 9 14 0 0 5.944 -1.51 4.024 -517.922 51.109 62.519 1.877 119630
2026 1 3 9 15 0 0 6.288 -2.278 3.162 -517.566 50.905 61.605 1.859 117546
2026 1 3 9 16 0 0 6.292 -2.67 2.88 -507 46.777 29.212 1.93 107741
2026 1 3 9 17 0 0 6.54 -2.581 2.403 -507 46.784 29.2 1.93 107741
2026 1 3 9 18 0 0 6.544 -2.375 2.485 -507.221 47.005 30.078 1.947 111161
2026 1 3 9 19 0 0 6.38 -2.42 2.764 -507.868 47.639 32.668 1.997 121166
2026 1 3 9 20 0 0 6.222 -2.45 3.056 -507.855 49.582 33.98 2.047 127319
2026 1 3 9 21 0 0 6.083 -2.518 3.26 -507.576 51.136 33.812 2.098 126721
2026 1 3 9 22 0 0 5.828 -2.845 3.361 -509.845 48.526 37.978 2.154 139454
2026 1 3 9 23 0 0 5.512 -3.378 3.387 -512.884 47.266 45.298 2.206 167552
2026 1 3 9 24 0 0 5.579 -3.685 2.954 -514.081 43.902 47.637 2.204 173742
2026 1 3 9 25 0 0 5.683 -3.539 2.915 -512.124 40.193 41.666 2.146 155633
2026 1 3 9 26 0 0 5.99 -3.287 2.56 -508.469 39.949 31.867 2.13 155368
2026 1 3 9 27 0 0 6.252 -3.098 2.16 -505.398 37.934 26.676 2.148 152852
2026 1 3 9 28 0 0 6.251 -3.287 1.886 -506.309 33.207 22.933 2.137 145074
2026 1 3 9 29 0 0 5.95 -3.765 2.12 -510.21 29.862 15.742 2.055 140720
2026 1 3 9 30 0 0 5.558 -3.969 2.919 -511.721 29.232 20.348 2.075 150760
2026 1 3 9 31 0 0 5.374 -3.958 3.278 -513.677 28.193 24.762 2.065 156965
2026 1 3 9 32 0 0 5.596 -4.286 2.449 -516.3 27.59 24.307 1.95 142840
2026 1 3 9 33 0 0 5.473 -4.662 1.86 -516.479 26.53 22.76 1.962 143362
2026 1 3 9 34 0 0 5.734 -4.236 2.079 -517.6 19.884 13.118 2.04 146627
2026 1 3 9 35 0 0 5.688 -4.198 2.309 -517.551 20.504 13.736 2.033 146737
2026 1 3 9 36 0 0 5.671 -4.093 2.389 -517.099 26.143 19.408 1.973 147745
2026 1 3 9 37 0 0 5.653 -3.988 2.469 -516.648 31.783 25.079 1.913 148752
2026 1 3 9 38 0 0 5.635 -3.883 2.549 -516.197 37.422 30.751 1.853 149760
2026 1 3 9 39 0 0 5.568 -3.807 2.693 -515.8 42.384 35.74 1.8 150646
2026 1 3 9 40 0 0 5.278 -3.821 3.14 -516.037 42.105 35.856 1.841 151174
2026 1 3 9 41 0 0 5.968 -2.992 2.618 -516.833 40.557 35.209 2.151 151858
2026 1 3 9 42 0 0 5.595 -3.169 3.539 -507.523 46.661 21.364 2.053 121758
2026 1 3 9 43 0 0 5.893 -3.206 2.999 -502.194 50.248 14.521 2.074 119051
2026 1 3 9 44 0 0 5.986 -3.304 2.797 -503.95 47.95 18.31 2.165 134168
2026 1 3 9 45 0 0 5.906 -3.323 2.935 -507.293 43.464 23.562 2.11 131546
2026 1 3 9 46 0 0 5.796 -3.201 3.173 -510.085 42.429 28.54 2.078 134468
2026 1 3 9 47 0 0 5.649 -2.971 3.487 -512.391 48.354 34.391 2.103 149777
2026 1 3 9 48 0 0 5.502 -2.74 3.801 -514.696 54.279 40.243 2.129 165085
2026 1 3 9 49 0 0 5.373 -2.502 4.097 -516.325 59.144 44.928 2.145 175550
2026 1 3 9 50 0 0 5.523 -2.286 4.03 -514.966 58.993 44.209 2.116 164651
2026 1 3 9 51 0 0 6.138 -2.485 2.958 -514.204 54.566 38.994 2.107 158795
2026 1 3 9 52 0 0 6.042 -3.444 1.746 -512.885 35.217 16.764 2.137 151431
2026 1 3 9 53 0 0 5.961 -4.128 1.021 -510.346 22.032 -2.642 2.14 137769
2026 1 3 9 54 0 0 6.005 -3.935 1.55 -506.04 27.776 -6.442 2.094 115783
2026 1 3 9 55 0 0 5.902 -3.825 2.031 -508.405 31.657 7.988 2.107 122748
2026 1 3 9 56 0 0 5.451 -4.144 2.448 -515.496 29.99 25.798 2.135 146116
2026 1 3 9 57 0 0 5.253 -4.659 1.779 -519.485 25.826 20.163 2.238 166808
2026 1 3 9 58 0 0 5.103 -4.069 3.328 -520.082 22.426 -4.75 2.465 189714
2026 1 3 9 59 0 0 4.213 -5.455 2.201 -530.68 3.86 14.326 1.769 142967
2026 1 3 10 0 0 0 4.679 -5.38 1.689 -533.773 -1.496 19.841 1.563 129393
2026 1 3 10 1 0 0 5.366 -4.852 1.798 -504.9 3.929 -5.108 1.99 145854
2026 1 3 10 2 0 0 5.511 -4.56 2.351 -506.479 2.871 -4.552 1.998 149876
2026 1 3 10 3 0 0 5.296 -4.809 2.292 -511.419 -0.438 -2.812 2.023 162455
2026 1 3 10 4 0 0 5.081 -5.058 2.232 -516.358 -3.748 -1.073 2.048 175035
2026 1 3 10 5 0 0 4.866 -5.307 2.173 -521.297 -7.057 0.667 2.074 187614
2026 1 3 10 6 0 0 4.651 -5.557 2.113 -526.237 -10.366 2.407 2.099 200194
2026 1 3 10 7 0 0 4.817 -5.439 2.054 -526.5 -10.542 2.501 2.1 200864
2026 1 3 10 8 0 0 5.148 -5.106 2.05 -516.345 -0.301 5.476 2.033 184941
2026 1 3 10 9 0 0 5.345 -4.905 2.055 -508.3 7.813 7.833 1.98 172326
2026 1 3 10 10 0 0 4.976 -5.246 1.912 -512.242 8.413 7.179 1.98 183094
2026 1 3 10 11 0 0 4.187 -5.931 1.332 -526.759 10.62 4.772 1.98 222748
2026 1 3 10 12 0 0 4.012 -6.224 0.599 -533.111 -11.315 -5.816 1.997 208014
2026 1 3 10 13 0 0 3.528 -6.703 -0.174 -526.792 -14.863 -14.259 2.192 201074
2026 1 3 10 14 0 0 3.242 -6.675 -0.82 -532.571 -15.238 -22.68 2.173 214740
2026 1 3 10 15 0 0 2.965 -6.629 -1.462 -538.849 -15.649 -31.121 2.146 229027
2026 1 3 10 16 0 0 2.688 -6.583 -2.104 -545.127 -16.06 -39.562 2.118 243313
2026 1 3 10 17 0 0 2.411 -6.537 -2.745 -551.406 -16.471 -48.002 2.09 257599
2026 1 3 10 18 0 0 2.456 -6.374 -2.872 -553.7 -16.622 -51.087 2.08 262820
2026 1 3 10 19 0 0 2.394 -6.074 -2.861 -553.7 -16.624 -51.086 2.08 262820
2026 1 3 10 20 0 0 2.447 -6.004 -2.559 -552.638 -17.257 -47.418 2.083 256716
2026 1 3 10 21 0 0 2.663 -6.088 -2.036 -550.964 -18.254 -41.638 2.087 247097
2026 1 3 10 22 0 0 2.879 -6.173 -1.514 -549.29 -19.25 -35.858 2.091 237477
2026 1 3 10 23 0 0 3.094 -6.258 -0.992 -547.616 -20.247 -30.078 2.095 227858
2026 1 3 10 24 0 0 3.31 -6.343 -0.469 -545.942 -21.244 -24.298 2.099 218238
2026 1 3 10 25 0 0 3.276 -6.349 0.417 -542.617 -20.729 -15.093 2.093 212768
2026 1 3 10 26 0 0 3.104 -6.131 1.625 -536.379 -17.486 4.932 2.098 215908
2026 1 3 10 27 0 0 3.052 -6.457 0.432 -546.401 -14.143 -1.691 2.276 267442
2026 1 3 10 28 0 0 2.853 -6.713 -0.217 -551.129 -12.922 -5.899 2.35 289116
2026 1 3 10 29 0 0 2.458 -6.741 0.229 -545.799 -5.87 -11.816 2.474 295530
2026 1 3 10 30 0 0 3.664 -5.859 1.657 -543.8 -3.273 -13.992 2.52 297807
2026 1 3 10 31 0 0 4.046 -5.713 1.853 -538.165 -3.822 -10.853 2.417 277956
2026 1 3 10 32 0 0 3.931 -5.935 1.516 -530.445 -4.573 -6.552 2.276 250758
2026 1 3 10 33 0 0 3.822 -6.148 1.187 -523 -5.298 -2.404 2.14 224530
2026 1 3 10 34 0 0 3.86 -6.101 1.059 -523.116 -5.439 -2.522 2.143 224485
2026 1 3 10 35 0 0 3.603 -6.367 0.03 -526.003 -8.944 -5.441 2.21 223371
2026 1 3 10 36 0 0 3.796 -6.169 0.038 -526.141 -9.184 -5.657 2.222 223362
2026 1 3 10 37 0 0 4.471 -5.654 0.956 -523.684 -6.3 -3.582 2.285 222560
2026 1 3 10 38 0 0 3.691 -5.238 3.132 -526.632 -14.971 -10.138 2.207 179994
2026 1 3 10 39 0 0 3.418 -5.433 3.392 -532.879 0.56 9.284 1.858 148007
2026 1 3 10 40 0 0 3.708 -5.426 3.225 -534.748 5.829 15.744 1.745 139314
2026 1 3 10 41 0 0 4.314 -4.958 3.218 -519.2 8.377 31.054 1.89 164474
2026 1 3 10 42 0 0 4.403 -4.877 3.196 -519.2 8.376 31.055 1.89 164474
2026 1 3 10 43 0 0 4.496 -4.367 3.605 -519.054 8.125 30.181 1.905 165716
2026 1 3 10 44 0 0 4.924 -5.219 0.998 -517.187 4.943 19.068 2.09 181421
2026 1 3 10 45 0 0 4.753 -5.185 1.812 -516.431 4.074 18.526 2.077 178226
2026 1 3 10 46 0 0 4.692 -5.118 1.832 -511.885 -2.233 12.914 2.016 165682
2026 1 3 10 47 0 0 4.285 -5.533 1.117 -517.654 -0.428 -0.36 2.127 192726
2026 1 3 10 48 0 0 3.814 -5.412 0.203 -534.591 13.316 -28.061 2.07 179809
2026 1 3 10 49 0 0 4.567 -5.199 1.532 -532.128 9.663 -20.132 1.985 160708
2026 1 3 10 50 0 0 4.399 -5.591 1.898 -519.82 -2.271 5.401 1.897 141668
2026 1 3 10 51 0 0 4.783 -5.196 2.27 -516.3 6.684 12.834 2.04 159590
2026 1 3 10 52 0 0 4.857 -5.069 2.376 -516.073 6.402 11.321 2.046 160729
2026 1 3 10 53 0 0 4.763 -5.285 1.668 -514.364 4.287 -0.06 2.091 169292
2026 1 3 10 54 0 0 4.669 -5.501 0.96 -512.655 2.172 -11.441 2.137 177855
2026 1 3 10 55 0 0 4.445 -5.775 -0.046 -511.4 0.619 -19.802 2.17 184146
2026 1 3 10 56 0 0 3.473 -5.835 -2.509 -511.4 0.621 -19.802 2.17 184146
2026 1 3 10 57 0 0 2.653 -5.463 -4.384 -515.882 -3.007 -23.534 2.284 174800
2026 1 3 10 58 0 0 2.582 -5.309 -4.55 -522.4 -8.284 -28.963 2.45 161210
2026 1 3 10 59 0 0 1.947 -4.96 -5.093 -521.231 -7.299 -31.985 2.468 155222
2026 1 3 11 0 0 0 1.324 -4.719 -5.482 -523.268 -4.067 -37.053 2.531 144286
2026 1 3 11 1 0 0 0.965 -4.671 -5.706 -532.092 -1.285 -36.075 2.577 143181
2026 1 3 11 2 0 0 0.327 -4.819 -5.879 -534.982 -0.747 -34.549 2.511 138217
2026 1 3 11 3 0 0 0.477 -4.82 -5.689 -531.26 2.62 -28.767 2.508 136196
2026 1 3 11 4 0 0 -0.212 -4.556 -5.872 -535.055 1.173 -34.565 2.78 135902
2026 1 3 11 5 0 0 0.155 -4.614 -5.765 -534.211 -0.736 -34.675 2.839 138117
2026 1 3 11 6 0 0 0.849 -5.102 -5.007 -521.035 -10.399 -24.229 2.633 153372
2026 1 3 11 7 0 0 1.168 -5.609 -4.428 -512.034 -16.514 -14.559 2.534 169220
2026 1 3 11 8 0 0 1.04 -5.72 -4.505 -517.757 -11.155 -16.918 2.64 158640
2026 1 3 11 9 0 0 1.374 -5.534 -4.475 -530.388 -0.795 -27.947 2.789 127569
2026 1 3 11 10 0 0 4.099 -5.923 -1.612 -528.654 -1.253 -26.684 2.769 128857
2026 1 3 11 11 0 0 5 -5.876 -0.564 -506.598 -6.154 -8.974 2.517 130301
2026 1 3 11 12 0 0 4.749 -5.948 -1.025 -511.312 -7.71 -8.721 2.374 121322
2026 1 3 11 13 0 0 4.665 -5.84 -1.486 -518.228 -10.85 -7.788 2.184 122358
2026 1 3 11 14 0 0 4.455 -5.871 -1.975 -518.63 -10.557 -7.222 2.432 143770
2026 1 3 11 15 0 0 3.875 -6.143 -2.462 -521.127 -12.675 -9.033 2.791 143830
2026 1 3 11 16 0 0 3.11 -6.513 -2.859 -520.238 -15.391 -8.249 2.804 126486
2026 1 3 11 17 0 0 2.621 -6.727 -3.012 -517.5 -19.308 -7.725 2.2 116225
2026 1 3 11 18 0 0 2.667 -6.72 -2.944 -517.5 -19.307 -7.729 2.2 116225
2026 1 3 11 19 0 0 2.307 -6.748 -3.158 -519.584 -21.474 -8.049 2.267 115115
2026 1 3 11 20 0 0 1.997 -6.847 -3.239 -525 -27.107 -8.877 2.44 112229
2026 1 3 11 21 0 0 2.133 -6.986 -2.888 -525 -27.106 -8.882 2.44 112229
2026 1 3 11 22 0 0 2.084 -7 -2.736 -524.582 -26.707 -9.2 2.429 112456
2026 1 3 11 23 0 0 2.731 -6.518 -2.846 -521.699 -23.969 -11.37 2.353 114019
2026 1 3 11 24 0 0 3.378 -6.036 -2.956 -518.817 -21.231 -13.539 2.277 115583
2026 1 3 11 25 0 0 4.026 -5.553 -3.066 -515.934 -18.493 -15.709 2.201 117146
2026 1 3 11 26 0 0 4.538 -5.158 -3.13 -514 -16.655 -17.165 2.15 118195
2026 1 3 11 27 0 0 4.678 -4.943 -3.235 -514 -16.652 -17.168 2.15 118195
2026 1 3 11 28 0 0 4.681 -4.795 -3.474 -513.476 -15.337 -15.77 2.132 115228
2026 1 3 11 29 0 0 4.839 -4.78 -3.392 -511.844 -11.242 -11.407 2.076 105982
2026 1 3 11 30 0 0 4.821 -4.984 -3.165 -510.8 -8.624 -8.618 2.04 100070
2026 1 3 11 31 0 0 4.644 -5.391 -2.747 -510.718 -9.587 -8.339 2.025 101644
2026 1 3 11 32 0 0 4.778 -5.426 -2.465 -510.471 -12.496 -7.495 1.981 106394
2026 1 3 11 33 0 0 5.033 -5.256 -2.329 -510.3 -14.514 -6.91 1.95 109690
2026 1 3 11 34 0 0 5.485 -4.752 -2.363 -508.559 -13.976 -5.377 1.959 105876
2026 1 3 11 35 0 0 5.758 -4.534 -2.051 -502.986 -12.254 -0.466 1.99 93670.2
2026 1 3 11 36 0 0 6.032 -4.316 -1.739 -497.413 -10.533 4.446 2.02 81464.3
2026 1 3 11 37 0 0 6.305 -4.098 -1.427 -491.841 -8.812 9.357 2.051 69258.4
2026 1 3 11 38 0 0 6.502 -4.089 -0.705 -490.1 -8.276 10.89 2.06 65446
2026 1 3 11 39 0 0 6.638 -3.951 -0.514 -489.791 -6.956 10.662 2.052 65352.5
2026 1 3 11 40 0 0 6.76 -3.687 -0.721 -489.309 -4.898 10.307 2.039 65206.8
2026 1 3 11 41 0 0 6.882 -3.423 -0.929 -488.827 -2.841 9.952 2.027 65061.2
2026 1 3 11 42 0 0 7.003 -3.16 -1.137 -488.346 -0.783 9.597 2.014 64915.5
2026 1 3 11 43 0 0 7.125 -2.896 -1.345 -487.864 1.275 9.242 2.001 64769.8
2026 1 3 11 44 0 0 7.247 -2.632 -1.553 -487.382 3.332 8.887 1.988 64624.2
2026 1 3 11 45 0 0 7.368 -2.369 -1.761 -486.9 5.39 8.533 1.976 64478.5
2026 1 3 11 46 0 0 7.49 -2.105 -1.969 -486.419 7.447 8.178 1.963 64332.9
2026 1 3 11 47 0 0 7.513 -2.249 -1.692 -486.3 7.953 8.092 1.96 64297
2026 1 3 11 48 0 0 7.452 -2.27 -1.723 -484.894 9.028 7.492 1.981 60756.5
2026 1 3 11 49 0 0 7.373 -2.202 -1.916 -483.001 10.476 6.683 2.01 55990
2026 1 3 11 50 0 0 7.294 -2.134 -2.109 -481.108 11.924 5.874 2.038 51223.4
2026 1 3 11 51 0 0 7.415 -2.234 -1.875 -481.225 11.77 5.972 2.057 51807.5
2026 1 3 11 52 0 0 5.68 -2.915 -2.116 -492.436 0.074 12.975 2.896 94404.3
2026 1 3 11 53 0 0 3.666 -4.554 -2.809 -500.122 -7.081 8.449 2.935 103007
2026 1 3 11 54 0 0 2.364 -5.982 -2.811 -505.977 -12.297 2.364 2.813 103801
2026 1 3 11 55 0 0 2.511 -6.229 -2.674 -501.277 -15.48 -2.17 2.746 110822
2026 1 3 11 56 0 0 3.624 -5.606 -2.737 -487.666 -17.239 -5.759 2.721 123408
2026 1 3 11 57 0 0 3.554 -5.124 -3.4 -487.973 -17.612 0.038 2.769 137018
2026 1 3 11 58 0 0 3.55 -5.261 -2.714 -489.036 -20.518 6.624 2.826 149718
2026 1 3 11 59 0 0 3.541 -5.092 -2.679 -492.207 -9.019 -2.438 2.981 155308
2026 1 3 12 0 0 0 3.387 -4.61 -3.553 -490.49 -11.396 -3.777 3.048 177791
2026 1 3 12 1 0 0 3.198 -5.044 -2.645 -491.4 -21.475 2.206 2.977 167246
2026 1 3 12 2 0 0 3.723 -4.958 -1.62 -493.557 -14.972 4.066 3.003 176583
2026 1 3 12 3 0 0 3.563 -4.136 -2.776 -486.245 -16.139 23.271 3.028 185278
2026 1 3 12 4 0 0 4.171 -4.305 -1.073 -482.102 -3.509 31.305 2.961 178962
2026 1 3 12 5 0 0 4.702 -4.482 0.483 -478.3 8.081 38.678 2.9 173166
2026 1 3 12 6 0 0 4.403 -4.671 0.46 -478.142 7.989 39.316 2.904 174995
2026 1 3 12 7 0 0 4.545 -4.125 1.021 -476.366 7.08 46.454 2.949 195549
2026 1 3 12 8 0 0 4.688 -3.578 1.581 -474.59 6.171 53.593 2.995 216103
2026 1 3 12 9 0 0 4.819 -3.12 2.102 -473.2 5.455 59.179 3.03 232187
2026 1 3 12 10 0 0 4.856 -3.066 2.407 -473.507 4.54 58.852 3.022 230049
2026 1 3 12 11 0 0 4.69 -3.34 2.443 -474.995 0.174 57.257 2.981 219681
2026 1 3 12 12 0 0 4.525 -3.614 2.479 -476.483 -4.192 55.662 2.94 209313
2026 1 3 12 13 0 0 4.359 -3.887 2.515 -477.97 -8.558 54.067 2.899 198945
2026 1 3 12 14 0 0 4.218 -4.154 2.503 -479.4 -12.754 52.534 2.86 188983
2026 1 3 12 15 0 0 4.655 -4.25 1.345 -479.311 -12.699 52.304 2.861 188991
2026 1 3 12 16 0 0 4.767 -4.039 1.242 -477.37 -11.127 47.367 2.884 189169
2026 1 3 12 17 0 0 4.88 -3.828 1.14 -475.428 -9.556 42.431 2.907 189347
2026 1 3 12 18 0 0 4.992 -3.618 1.037 -473.487 -7.984 37.494 2.93 189525
2026 1 3 12 19 0 0 5.104 -3.407 0.934 -471.545 -6.413 32.557 2.953 189703
2026 1 3 12 20 0 0 5.217 -3.196 0.831 -469.604 -4.842 27.62 2.976 189880
2026 1 3 12 21 0 0 5.329 -2.985 0.728 -467.662 -3.27 22.683 3 190058
2026 1 3 12 22 0 0 5.441 -2.774 0.625 -465.721 -1.699 17.747 3.023 190236
2026 1 3 12 23 0 0 5.553 -2.563 0.523 -463.78 -0.127 12.81 3.046 190414
2026 1 3 12 24 0 0 5.666 -2.352 0.42 -461.838 1.444 7.873 3.069 190592
2026 1 3 12 25 0 0 5.548 -2.669 0.85 -460.9 2.202 5.488 3.08 190678
2026 1 3 12 26 0 0 4.68 -3.408 0.498 -471.843 -2.741 -3.089 3.133 212486
2026 1 3 12 27 0 0 3.263 -4.071 -1.167 -494.005 -12.751 -20.461 3.24 256652
2026 1 3 12 28 0 0 3.505 -4.054 -1.898 -493.678 -15.768 -9.543 3.27 251542
2026 1 3 12 29 0 0 3.323 -4.739 -2.933 -465.377 6.05 42.004 3.158 194124
2026 1 3 12 30 0 0 3.554 -4.474 -2.902 -463.261 8.417 40.307 3.134 185789
2026 1 3 12 31 0 0 3.786 -4.208 -2.87 -461.145 10.785 38.61 3.111 177454
2026 1 3 12 32 0 0 4.017 -3.943 -2.839 -459.03 13.152 36.913 3.087 169120
2026 1 3 12 33 0 0 4.249 -3.678 -2.807 -456.914 15.52 35.216 3.064 160785
2026 1 3 12 34 0 0 4.48 -3.413 -2.775 -454.799 17.887 33.519 3.041 152450
2026 1 3 12 35 0 0 4.711 -3.147 -2.744 -452.683 20.255 31.821 3.017 144116
2026 1 3 12 36 0 0 4.943 -2.882 -2.712 -450.568 22.622 30.124 2.994 135781
2026 1 3 12 37 0 0 5.174 -2.617 -2.681 -448.452 24.989 28.427 2.971 127446
2026 1 3 12 38 0 0 6.122 -1.974 -0.308 -448.4 25.039 28.393 2.97 127240
2026 1 3 12 39 0 0 4.668 -3.544 -1.462 -460.64 14.16 10.054 3.175 140144
2026 1 3 12 40 0 0 3.29 -4.12 -3.578 -470.887 5.061 -5.299 3.341 150954
2026 1 3 12 41 0 0 2.982 -3.385 -4.785 -480.408 -2.32 -12.584 3.28 150528
2026 1 3 12 42 0 0 2.917 -3.637 -4.653 -498.152 -15.518 -22.446 3.064 144146
2026 1 3 12 43 0 0 3.122 -3.67 -4.412 -502.6 -18.82 -24.924 3.01 142546
2026 1 3 12 44 0 0 4.717 -0.548 -3.341 -502.6 -18.81 -24.932 3.01 142546
2026 1 3 12 45 0 0 5.213 2.508 -2.222 -470.159 19.22 -11.195 3.137 150130
2026 1 3 12 46 0 0 4.992 1.472 -1.776 -456.8 34.881 -5.527 3.19 153253
2026 1 3 12 47 0 0 5.058 1.666 -1.475 -456.8 34.883 -5.513 3.19 153253
2026 1 3 12 48 0 0 5.454 0.208 -1.772 -450.725 40.962 -7.486 3.156 141443
2026 1 3 12 49 0 0 5.705 0.179 -2.403 -456.555 43.922 -16.201 3.056 137730
2026 1 3 12 50 0 0 5.801 0.248 -2.672 -464.761 30.828 -14.904 3.01 163367
2026 1 3 12 51 0 0 5.658 0.15 -3.187 -462.36 22.531 -1.327 3.06 166259
2026 1 3 12 52 0 0 5.52 -0.084 -3.276 -461.906 32.517 -1.998 3.064 145602
2026 1 3 12 53 0 0 5.463 -0.186 -2.957 -472.145 42.929 -12.373 3.016 150987
2026 1 3 12 54 0 0 5.391 -0.141 -2.626 -486.063 54.226 -23.595 2.971 169189
2026 1 3 12 55 0 0 5.097 -1.251 -2.967 -476.934 -0.411 -2.889 2.754 138597
2026 1 3 12 56 0 0 5.644 -1.427 -2.855 -480.835 1.769 -6.282 2.728 137841
2026 1 3 12 57 0 0 5.994 -1.266 -3.971 -470.381 38.314 -20.163 3.012 119480
2026 1 3 12 58 0 0 5.17 -2.054 -4.008 -476.622 29.375 -18.938 2.945 134862
2026 1 3 12 59 0 0 3.259 -3.779 -4.394 -492.749 4.62 -14.85 2.74 171079
2026 1 3 13 0 0 0 4.163 -3.079 -4.152 -496.423 4.448 -19.443 2.71 173102
2026 1 3 13 1 0 0 4.278 -3.666 -3.919 -498.1 8.988 -26.285 2.702 168810
2026 1 3 13 2 0 0 4.187 -3.916 -3.891 -494.486 6.929 -19.066 2.756 169492
2026 1 3 13 3 0 0 4.117 -3.949 -3.919 -489.242 2.812 -7.483 2.828 171733
2026 1 3 13 4 0 0 4.047 -3.983 -3.947 -483.997 -1.305 4.1 2.901 173973
2026 1 3 13 5 0 0 3.91 -4.153 -3.868 -480.159 -5.742 11.959 2.94 177621
2026 1 3 13 6 0 0 3.493 -4.878 -3.345 -483.229 -10.311 1.944 2.822 185813
2026 1 3 13 7 0 0 3.4 -4.847 -3.284 -492.545 0.663 -19.584 2.591 172297
2026 1 3 13 8 0 0 3.938 -4.282 -3.34 -485.538 13.882 -29.019 2.669 169306
2026 1 3 13 9 0 0 4.078 -4.152 -2.904 -482.543 0.21 -9.795 2.67 172490
2026 1 3 13 10 0 0 3.898 -4.18 -3.447 -483.284 1.794 -8.294 2.679 162066
2026 1 3 13 11 0 0 4.58 -4 -2.692 -482.863 7.023 -17.569 2.825 182266
2026 1 3 13 12 0 0 4.673 -3.994 -2.618 -475.45 21.461 -7.428 2.617 168492
2026 1 3 13 13 0 0 4.918 -4.089 -2.33 -474.035 9.854 -4.604 2.714 166456
2026 1 3 13 14 0 0 4.455 -4.193 -3.477 -478.135 13.697 -10.482 2.614 163400
2026 1 3 13 15 0 0 4.276 -4.277 -3.195 -478.3 19.202 -9.697 2.922 188556
2026 1 3 13 16 0 0 3.854 -5.383 -1.342 -479.505 19.998 -8.186 3.043 200087
2026 1 3 13 17 0 0 2.959 -5.767 -1.261 -485.7 21.558 -1.613 3.42 245644
2026 1 3 13 18 0 0 1.687 -5.988 -3.196 -486.139 20.394 -2.021 3.394 244620
2026 1 3 13 19 0 0 2.355 -5.95 -2.399 -494.033 -0.581 -9.542 2.931 226198
2026 1 3 13 20 0 0 2.996 -5.933 -1.836 -497.281 -9.234 -12.665 2.741 218588
2026 1 3 13 21 0 0 3.335 -5.757 -1.719 -494.907 -9.199 -12.165 2.727 218793
2026 1 3 13 22 0 0 3.534 -5.502 -1.777 -490.627 -7.096 -10.677 2.752 220906
2026 1 3 13 23 0 0 3.733 -5.246 -1.835 -486.347 -4.992 -9.189 2.777 223018
2026 1 3 13 24 0 0 3.932 -4.991 -1.893 -482.067 -2.888 -7.701 2.802 225131
2026 1 3 13 25 0 0 4.131 -4.735 -1.951 -477.786 -0.784 -6.213 2.827 227244
2026 1 3 13 26 0 0 4.33 -4.479 -2.009 -473.506 1.32 -4.725 2.852 229356
2026 1 3 13 27 0 0 4.476 -4.267 -2.113 -470.5 2.798 -3.68 2.87 230840
2026 1 3 13 28 0 0 4.329 -4.305 -2.324 -470.5 2.8 -3.678 2.87 230840
2026 1 3 13 29 0 0 3.889 -4.628 -2.484 -471.861 1.3 -4.312 2.855 231761
2026 1 3 13 30 0 0 3.655 -4.816 -2.529 -476.299 -3.595 -6.38 2.806 234764
2026 1 3 13 31 0 0 3.415 -5.002 -2.59 -480.4 -8.119 -8.291 2.76 237540
2026 1 3 13 32 0 0 3.106 -5.153 -2.819 -480.684 -8.087 -8.349 2.758 237077
2026 1 3 13 33 0 0 3.063 -5.19 -2.693 -483.954 -7.758 -8.978 2.737 231751
2026 1 3 13 34 0 0 3.02 -5.227 -2.566 -487.224 -7.43 -9.607 2.715 226425
2026 1 3 13 35 0 0 2.977 -5.264 -2.44 -490.494 -7.102 -10.236 2.693 221098
2026 1 3 13 36 0 0 2.918 -5.435 -2.916 -491 -7.046 -10.336 2.69 220275
2026 1 3 13 37 0 0 2.925 -5.46 -2.229 -496.76 12.37 -36.716 3.192 186730
2026 1 3 13 38 0 0 2.422 -4.286 -4.158 -498.8 19.264 -46.047 3.37 174853
2026 1 3 13 39 0 0 1.955 -4.934 -4.041 -499.286 1.19 -31.853 3.167 196018
2026 1 3 13 40 0 0 2.641 -5.037 -3.542 -499.598 -9.474 -23.504 3.049 208507
2026 1 3 13 41 0 0 3.605 -4.909 -3.082 -499.845 -17.541 -17.2 2.96 217955
2026 1 3 13 42 0 0 3.821 -4.788 -3.079 -496.703 -17.75 -18.426 2.997 221917
2026 1 3 13 43 0 0 3.823 -4.67 -3.207 -492.592 -15.712 -21.806 3.07 224309
2026 1 3 13 44 0 0 3.824 -4.551 -3.335 -488.481 -13.673 -25.185 3.143 226702
2026 1 3 13 45 0 0 3.826 -4.433 -3.462 -484.369 -11.635 -28.564 3.216 229095
2026 1 3 13 46 0 0 3.827 -4.315 -3.59 -480.258 -9.596 -31.943 3.29 231488
2026 1 3 13 47 0 0 3.829 -4.196 -3.718 -476.147 -7.558 -35.322 3.363 233880
2026 1 3 13 48 0 0 3.804 -3.929 -3.995 -472.9 -1.172 -37.171 3.313 220497
2026 1 3 13 49 0 0 3.924 -3.806 -4.048 -471.46 12.876 -35.914 3.042 178686
2026 1 3 13 50 0 0 4.393 -3.872 -3.547 -474.97 15.241 -29.649 2.886 163038
2026 1 3 13 51 0 0 4.96 -3.29 -3.31 -485.602 -0.058 -16.402 2.9 187724
2026 1 3 13 52 0 0 4.716 -3.487 -3.141 -487.383 -2.695 -17.769 2.872 178236
2026 1 3 13 53 0 0 6.269 -1.866 -2.296 -452.993 18.836 -7.537 2.646 80321.8
2026 1 3 13 54 0 0 5.979 -1.922 -2.559 -450.138 22.503 -11.577 2.592 79487
2026 1 3 13 55 0 0 5.796 -1.935 -3.152 -448.571 27.193 -18.696 2.53 83237.4
2026 1 3 13 56 0 0 5.802 -1.998 -2.763 -453.57 20.34 -20.421 2.845 114207
2026 1 3 13 57 0 0 5.586 -2.183 -3.007 -455.803 17.185 -20.705 2.977 126743
2026 1 3 13 58 0 0 5.525 -2.742 -2.421 -458.98 12.193 -20.865 2.762 117341
2026 1 3 13 59 0 0 5.347 -3.416 -1.389 -461.4 4.868 -7.232 2.664 124992
2026 1 3 14 0 0 0 4.815 -4.083 -0.782 -462.847 -1.761 17.542 2.776 145324
2026 1 3 14 1 0 0 4.281 -4.589 -0.66 -464.723 -2.425 24.305 2.825 148334
2026 1 3 14 2 0 0 4.17 -4.532 -0.496 -467.071 -1.005 14.625 2.796 154952
2026 1 3 14 3 0 0 4.439 -4.169 -0.026 -473.921 -8.227 12.41 2.68 169650
2026 1 3 14 4 0 0 4.376 -4.161 -0.359 -483.041 -11.982 19.257 2.68 164981
2026 1 3 14 5 0 0 5.687 -3.112 -0.794 -469.701 0.974 24.687 2.754 135993
2026 1 3 14 6 0 0 5.894 -3.002 -0.427 -456.25 8.437 13.637 2.808 106266
2026 1 3 14 7 0 0 6.198 -2.619 -0.166 -450.179 14.16 17.871 2.777 107310
2026 1 3 14 8 0 0 5.9 -2.917 0.21 -448.733 16.009 19.648 2.483 83869.5
2026 1 3 14 9 0 0 5.719 -3.156 0.49 -448.645 15.082 23.541 2.352 72415.1
2026 1 3 14 10 0 0 5.732 -3.194 0.581 -448.712 13.992 27.005 2.371 82018.5
2026 1 3 14 11 0 0 5.746 -3.232 0.671 -448.778 12.902 30.468 2.389 91621.9
2026 1 3 14 12 0 0 5.759 -3.271 0.761 -448.845 11.812 33.932 2.407 101225
2026 1 3 14 13 0 0 5.772 -3.309 0.851 -448.912 10.722 37.395 2.426 110829
2026 1 3 14 14 0 0 5.786 -3.348 0.941 -448.978 9.632 40.859 2.444 120432
2026 1 3 14 15 0 0 5.4 -3.833 0.598 -453.315 8.13 33.77 2.574 144319
2026 1 3 14 16 0 0 5.214 -4.181 0.479 -459.914 3.375 23.053 2.715 168764
2026 1 3 14 17 0 0 5.206 -4.284 0.462 -465.678 -2.133 14.801 2.785 183569
2026 1 3 14 18 0 0 4.738 -4.561 -0.323 -468.618 -2.298 9.889 2.765 186947
2026 1 3 14 19 0 0 4.269 -4.839 -1.108 -471.558 -2.464 4.977 2.746 190325
2026 1 3 14 20 0 0 3.75 -5.15 -1.724 -475.604 -3.338 1.564 2.742 196055
2026 1 3 14 21 0 0 2.985 -5.624 -1.511 -485.075 -7.686 5.502 2.813 213317
2026 1 3 14 22 0 0 0.575 -6.394 -2.626 -477.619 -14.352 5.514 2.662 192858
2026 1 3 14 23 0 0 0.319 -6.364 -3.131 -473.636 -12.567 0.478 2.57 173195
2026 1 3 14 24 0 0 0.405 -6.352 -3.156 -485.483 -9.143 -5.029 2.614 173258
2026 1 3 14 25 0 0 0.491 -6.34 -3.18 -497.329 -5.719 -10.536 2.659 173322
2026 1 3 14 26 0 0 0.577 -6.328 -3.205 -509.175 -2.296 -16.043 2.703 173386
2026 1 3 14 27 0 0 0.71 -6.2 -3.416 -516.4 -0.203 -19.401 2.73 173425
2026 1 3 14 28 0 0 0.55 -5.915 -3.886 -513.977 -6.566 -17.729 2.839 185239
2026 1 3 14 29 0 0 0.396 -5.739 -4.139 -509.119 -12.626 -15.283 2.954 196511
2026 1 3 14 30 0 0 0.686 -5.627 -4.25 -505.077 -10.809 -14.173 2.943 193208
2026 1 3 14 31 0 0 0.976 -5.515 -4.36 -501.034 -8.993 -13.063 2.933 189904
2026 1 3 14 32 0 0 1.265 -5.402 -4.47 -496.992 -7.176 -11.953 2.922 186601
2026 1 3 14 33 0 0 1.555 -5.29 -4.58 -492.949 -5.36 -10.843 2.911 183297
2026 1 3 14 34 0 0 1.469 -5.059 -4.857 -492.6 -5.197 -10.751 2.91 183012
2026 1 3 14 35 0 0 1 -4.853 -5.045 -501.837 -1.242 -12.804 2.966 195832
2026 1 3 14 36 0 0 0.501 -4.65 -5.223 -511.853 3.046 -15.031 3.027 209732
2026 1 3 14 37 0 0 0.023 -4.396 -5.433 -517.3 5.382 -16.241 3.06 217292
2026 1 3 14 38 0 0 -0.518 -4.066 -5.61 -506.309 8.943 -21.421 2.825 187283
2026 1 3 14 39 0 0 0.15 -4.329 -5.407 -497.676 11.717 -25.524 2.644 163582
2026 1 3 14 40 0 0 -0.499 -4.484 -5.36 -508.117 4.512 -20.087 2.54 153396
2026 1 3 14 41 0 0 -0.368 -4.501 -5.207 -517.482 -1.708 -15.245 2.464 146409
2026 1 3 14 42 0 0 0.442 -4.527 -5.131 -515.183 -5.477 -16.389 2.492 144691
2026 1 3 14 43 0 0 -0.021 -4.645 -4.945 -509.862 -9.27 -18.922 2.571 144636
2026 1 3 14 44 0 0 -0.386 -4.138 -4.677 -516.431 -14.2 -16.059 2.592 138761
2026 1 3 14 45 0 0 -0.717 -3.462 -4.858 -517.793 -7.718 -21.583 2.497 120986
2026 1 3 14 46 0 0 -0.111 -3.301 -5.223 -509.907 14.803 -36.956 2.789 185538
2026 1 3 14 47 0 0 0.088 -4.072 -4.868 -503.146 -2.38 -12.155 3.066 219379
2026 1 3 14 48 0 0 -1.335 -1.937 -5.704 -498.357 -17.223 5.01 2.927 187817
2026 1 3 14 49 0 0 -1.323 -0.216 -5.397 -502.802 -6.107 -15.405 2.463 127451
2026 1 3 14 50 0 0 -0.332 -1.074 -5.104 -504.7 -1.231 -23.929 2.29 105556
2026 1 3 14 51 0 0 1.223 -4.267 -5.324 -486.3 -7.545 -17.359 3.16 156682
2026 1 3 14 52 0 0 1.13 -4.67 -4.964 -486.3 -7.534 -17.364 3.16 156682
2026 1 3 14 53 0 0 1.332 -4.706 -4.688 -486.96 -7.588 -17.775 3.177 157007
2026 1 3 14 54 0 0 1.416 -4.964 -4.391 -491.67 -8.045 -20.679 3.297 159325
2026 1 3 14 55 0 0 1.501 -5.222 -4.093 -496.381 -8.501 -23.583 3.417 161642
2026 1 3 14 56 0 0 2.428 -5.137 -3.688 -496.9 -8.538 -23.908 3.43 161898
2026 1 3 14 57 0 0 2.719 -5.049 -3.591 -493.409 -9.328 -22.245 3.385 171048
2026 1 3 14 58 0 0 2.891 -4.968 -3.546 -489.359 -10.247 -20.316 3.334 181663
2026 1 3 14 59 0 0 3.063 -4.886 -3.501 -485.309 -11.166 -18.386 3.282 192279
2026 1 3 15 0 0 0 3.236 -4.804 -3.455 -481.258 -12.085 -16.456 3.23 202894
2026 1 3 15 1 0 0 2.878 -4.799 -3.682 -478.1 -12.799 -14.953 3.19 211172
2026 1 3 15 2 0 0 1.196 -4.149 -5.023 -480.675 -8.514 -23.844 3.224 214436
2026 1 3 15 3 0 0 1.109 -1.725 -6.375 -488.6 4.667 -51.201 3.33 224488
2026 1 3 15 4 0 0 2.068 -2.766 -5.499 -488.094 5.467 -51.283 3.305 221326
2026 1 3 15 5 0 0 2.323 -1.717 -6.056 -480.906 15.133 -51.277 2.945 175789
2026 1 3 15 6 0 0 1.985 -2.059 -5.989 -478.483 18.87 -48.305 2.73 150564
2026 1 3 15 7 0 0 0.764 -4.439 -5.049 -485.713 10.655 -38.919 2.792 165083
2026 1 3 15 8 0 0 1.295 -2.433 -6.373 -497.443 -2.728 -23.793 2.895 188523
2026 1 3 15 9 0 0 1.162 -2.998 -6.163 -496.392 20.197 -29.076 2.82 171234
2026 1 3 15 10 0 0 1.793 -2.618 -6.084 -496.1 23.078 -29.948 2.81 168870
2026 1 3 15 11 0 0 1.724 -3.26 -5.798 -489.153 20.961 -32.522 2.888 178946
2026 1 3 15 12 0 0 1.684 -3.599 -5.67 -483.449 20.22 -35.506 2.93 185732
2026 1 3 15 13 0 0 1.905 -2.313 -5.991 -487.907 25.858 -37.786 2.754 171170
2026 1 3 15 14 0 0 -0.493 -5.12 -2.052 -498.649 17.137 -25.994 2.588 154317
2026 1 3 15 15 0 0 -1.3 -6.496 -0.04 -512.147 0.65 -5.257 2.566 148671
2026 1 3 15 16 0 0 -0.909 -6.545 0.338 -524.689 -20.002 22.244 2.702 153375
2026 1 3 15 17 0 0 -1.984 -6.037 1.626 -509.234 -17.366 36.06 2.97 152249
2026 1 3 15 18 0 0 -1.396 -5.137 -0.512 -515.274 -17.123 43.252 2.994 178022
2026 1 3 15 19 0 0 -0.215 -4.354 -4.335 -530.8 -18.394 48.929 3 220933
2026 1 3 15 20 0 0 0.227 -4.963 -4.217 -528.98 -19.5 46.444 2.984 215835
2026 1 3 15 21 0 0 -0.194 -5.887 -2.135 -519.799 -24.939 33.961 2.902 190121
2026 1 3 15 22 0 0 -0.453 -6.535 -0.596 -514 -28.381 26.07 2.85 173879
2026 1 3 15 23 0 0 0.11 -3.303 -2.771 -508.664 9.388 -1.776 2.683 173171
2026 1 3 15 24 0 0 0.58 0.412 -5.633 -502.743 51.375 -32.697 2.502 172385
2026 1 3 15 25 0 0 0.483 -0.716 -4.771 -501.556 60.823 -35.392 2.497 152720
2026 1 3 15 26 0 0 1.452 -2.742 -2.964 -501.3 63.005 -35.49 2.5 145973
2026 1 3 15 27 0 0 2.318 -3.499 -3.027 -491.864 37.134 -31.365 2.599 150753
2026 1 3 15 28 0 0 2.817 -3.368 -3.726 -479.635 6.85 -16.821 2.798 164612
2026 1 3 15 29 0 0 2.836 -1.523 -4.112 -477.24 15.086 19.185 3.115 193887
2026 1 3 15 30 0 0 3.485 0.105 -6.055 -479.2 31.484 -5.327 3.019 173282
2026 1 3 15 31 0 0 4.114 -0.601 -5.616 -479.2 51.163 -38.119 2.88 151613
2026 1 3 15 32 0 0 3.852 -1.561 -5.577 -479.242 47.444 -36.048 2.898 152449
2026 1 3 15 33 0 0 3.147 -2.489 -5.567 -479.391 34.136 -28.765 2.963 155426
2026 1 3 15 34 0 0 2.509 -3.336 -5.449 -479.5 24.388 -23.423 3.01 157607
2026 1 3 15 35 0 0 2.208 -3.738 -5.178 -481.378 21.826 -21.893 3.029 157974
2026 1 3 15 36 0 0 2.339 -3.532 -5.274 -488.224 12.613 -16.638 3.096 159509
2026 1 3 15 37 0 0 2.263 -3.759 -4.651 -486.92 17.174 -22.325 3.023 162549
2026 1 3 15 38 0 0 3.529 -2.46 -5.4 -484.1 25.629 -32.509 2.91 167580
2026 1 3 15 39 0 0 3.159 -3.3 -5.058 -484.352 22.144 -30.89 2.911 165619
2026 1 3 15 40 0 0 1.754 -4.335 -4.716 -486.665 -3.145 -18.722 2.917 150881
2026 1 3 15 41 0 0 1.658 -4.404 -5.263 -493.7 3.5 -12.71 2.874 145717
2026 1 3 15 42 0 0 1.626 -4.645 -5.002 -498.353 2.21 -13.759 2.886 158669
2026 1 3 15 43 0 0 1.49 -4.96 -4.784 -497.678 -2.085 -17.587 2.914 169762
2026 1 3 15 44 0 0 1.657 -4.692 -4.9 -491.68 -2.441 -12.831 2.873 152793
2026 1 3 15 45 0 0 1.689 -4.792 -4.788 -491.112 -2.208 -12.446 2.87 150615
2026 1 3 15 46 0 0 1.492 -4.71 -4.402 -492.541 -0.377 -15.68 2.816 151791
2026 1 3 15 47 0 0 1.421 -5.473 -3.578 -494.922 -2.344 -21.109 2.818 187483
2026 1 3 15 48 0 0 0.895 -6.214 -2.836 -500.747 -2.161 -20.71 2.853 203217
2026 1 3 15 49 0 0 0.401 -6.604 -2.289 -509.908 -2.304 -10.366 2.753 191478
2026 1 3 15 50 0 0 0.079 -6.745 -1.911 -517.855 -2.922 1.483 2.602 170323
2026 1 3 15 51 0 0 -0.074 -6.885 -1.436 -517.324 -3.45 5.085 2.562 163713
2026 1 3 15 52 0 0 0.162 -7.064 -0.51 -513.919 -5.257 16.444 2.51 157420
2026 1 3 15 53 0 0 1.234 -6.958 -0.082 -507.292 -7.028 20.324 2.522 162507
2026 1 3 15 54 0 0 1.229 -6.902 0.352 -499.65 -2.371 21.042 2.551 167642
2026 1 3 15 55 0 0 1.475 -6.77 -0.472 -496.8 1.919 21.766 2.56 167835
2026 1 3 15 56 0 0 1.517 -6.604 0.411 -495.406 0.759 21.96 2.673 167449
2026 1 3 15 57 0 0 1.198 -6.133 1.241 -494.7 1.346 19.441 2.703 163195
2026 1 3 15 58 0 0 1.539 -6.119 0.674 -500.216 0.222 20.763 2.533 135957
2026 1 3 15 59 0 0 2.357 -6.048 -0.825 -506.124 -6.992 23.372 2.374 119630
2026 1 3 16 0 0 0 2.931 -5.654 -1.356 -505.349 -9.789 25.036 2.403 126640
2026 1 3 16 1 0 0 2.956 -5.438 0.271 -500.063 0.637 27.612 2.544 127568
2026 1 3 16 2 0 0 2.981 -5.222 1.898 -494.778 11.063 30.187 2.685 128496
2026 1 3 16 3 0 0 3.006 -5.006 3.525 -489.492 21.489 32.763 2.826 129424
2026 1 3 16 4 0 0 3.144 -4.903 3.666 -488.6 23.228 33.211 2.85 129581
2026 1 3 16 5 0 0 3.262 -5.049 3.271 -488.6 23.204 33.228 2.85 129581
2026 1 3 16 6 0 0 3.359 -4.929 3.261 -481.1 8.685 32.606 2.95 150525
2026 1 3 16 7 0 0 3.179 -4.825 3.399 -481.108 8.627 32.627 2.951 150790
2026 1 3 16 8 0 0 3.022 -5.593 1.776 -482.289 3.511 34.825 3.059 189855
2026 1 3 16 9 0 0 2.813 -5.421 2.928 -482.865 4.306 37.18 2.966 179034
2026 1 3 16 10 0 0 2.755 -5.437 3.118 -484.172 6.289 42.848 2.751 151590
2026 1 3 16 11 0 0 2.576 -5.537 2.937 -482.077 10.63 35.582 2.856 154879
2026 1 3 16 12 0 0 2.629 -5.442 2.802 -482.589 6.443 32.432 2.919 149474
2026 1 3 16 13 0 0 2.684 -5.34 2.999 -485.228 -19.986 17.816 3.038 143196
2026 1 3 16 14 0 0 2.604 -5.39 3.294 -486.699 -36.951 9.176 3.007 147990
2026 1 3 16 15 0 0 2.506 -5.455 3.273 -486.858 -21.68 6.062 2.895 146623
2026 1 3 16 16 0 0 2.407 -5.519 3.193 -486.808 -0.896 3.803 2.771 143943
2026 1 3 16 17 0 0 2.244 -6.131 1.239 -487.368 3.476 4.139 2.718 140099
2026 1 3 16 18 0 0 3.216 -5.568 1.74 -490.76 8.11 8.291 2.568 120341
2026 1 3 16 19 0 0 3.358 -5.742 1.877 -492.1 10.13 9.823 2.478 114768
2026 1 3 16 20 0 0 3.077 -6.262 1.245 -491.906 12.01 8.743 2.24 134334
2026 1 3 16 21 0 0 2.919 -5.798 -0.196 -485.965 5.063 16.416 2.549 143566
2026 1 3 16 22 0 0 1.598 -4.832 -3.546 -483.658 -6.537 12.741 3.163 156955
2026 1 3 16 23 0 0 1.582 -4.613 -4.209 -492.645 -5.897 -9.469 3.106 176923
2026 1 3 16 24 0 0 1.59 -4.64 -4.19 -488 -0.65 -10.091 2.97 156436
2026 1 3 16 25 0 0 1.57 -4.62 -4.21 -488 -0.642 -10.091 2.97 156436
2026 1 3 16 26 0 0 1.398 -4.758 -4.214 -486.3 7.759 1.974 2.86 150042
2026 1 3 16 27 0 0 1.311 -5.097 -3.962 -486.3 7.758 1.98 2.86 150042
2026 1 3 16 28 0 0 1.561 -3.683 -5.12 -486.282 7.463 1.869 2.858 150498
2026 1 3 16 29 0 0 1.581 -4.27 -4.612 -485.839 0.099 -1.06 2.798 161966
2026 1 3 16 30 0 0 1.599 -4.835 -4.123 -485.4 -7.166 -3.973 2.74 173271
2026 1 3 16 31 0 0 1.501 -3.745 -5.097 -485.376 -5.639 -6.695 2.761 169815
2026 1 3 16 32 0 0 1.6 -3.864 -4.992 -484.91 2.503 -20.075 2.892 153488
2026 1 3 16 33 0 0 1.369 -3.378 -5.431 -483.167 4.843 -17.281 3.002 166443
2026 1 3 16 34 0 0 1.079 -2.938 -5.743 -483.447 6.373 -18.077 3.003 164962
2026 1 3 16 35 0 0 0.934 -2.631 -5.752 -485.511 12.424 -23.098 2.967 151093
2026 1 3 16 36 0 0 0.994 -2.943 -5.653 -484.588 10.406 -21.483 2.945 150604
2026 1 3 16 37 0 0 1.172 -3.106 -5.355 -483.583 5.777 -16.651 2.943 148836
2026 1 3 16 38 0 0 0.919 -2.835 -5.429 -489.287 9.773 -14.989 3.107 148528
2026 1 3 16 39 0 0 0.753 -2.909 -5.42 -492.243 11.749 -17.114 3.061 157574
2026 1 3 16 40 0 0 0.826 -2.575 -5.511 -485.238 8.386 -21.782 2.951 144750
2026 1 3 16 41 0 0 0.888 -2.001 -5.681 -481.93 15.041 -21.495 2.899 141312
2026 1 3 16 42 0 0 0.765 -1.695 -5.803 -487.6 23.048 -17.738 2.93 145982
2026 1 3 16 43 0 0 0.966 -1.695 -5.923 -487.579 23.209 -17.77 2.93 146439
2026 1 3 16 44 0 0 0.88 -1.526 -5.824 -487.556 23.358 -18.545 2.931 149381
2026 1 3 16 45 0 0 1.967 -3.479 -4.684 -488.97 20.09 -21.255 2.94 147186
2026 1 3 16 46 0 0 3.582 -3.906 -2.651 -492.861 27.903 -19.241 2.436 146408
2026 1 3 16 47 0 0 4.715 -4.536 -0.639 -494.02 30.115 -17.701 2.276 144947
2026 1 3 16 48 0 0 5.203 -4.903 0.381 -495.435 28.689 -7.255 1.984 127991
2026 1 3 16 49 0 0 5.128 -4.994 0.295 -497.284 23.649 2.45 1.629 105344
2026 1 3 16 50 0 0 5.01 -5.08 0.096 -497.387 20.55 -0.889 1.62 101862
2026 1 3 16 51 0 0 5.12 -4.97 0.141 -496.804 27.042 1.74 1.647 104309
2026 1 3 16 52 0 0 5.23 -4.86 0.186 -496.22 33.534 4.368 1.675 106756
2026 1 3 16 53 0 0 5.252 -4.834 -0.117 -495.9 37.094 5.824 1.69 108099
2026 1 3 16 54 0 0 5.102 -4.819 -0.774 -497.084 32.74 4.404 1.88 108230
2026 1 3 16 55 0 0 5.229 -4.907 -0.572 -498.2 28.637 3.063 2.06 108354
2026 1 3 16 56 0 0 5.509 -5.016 0.08 -492.47 20.922 6.489 2.009 110560
2026 1 3 16 57 0 0 5.54 -4.972 0.411 -488 14.899 9.16 1.97 112281
2026 1 3 16 58 0 0 5.461 -5.118 0.349 -488.527 17.024 5.692 1.743 96376.8
2026 1 3 16 59 0 0 5.338 -5.234 0.374 -489 18.931 2.583 1.54 82110
2026 1 3 17 0 0 0 5.262 -5.221 0.542 -489.911 19.962 11.877 1.751 93263.2
2026 1 3 17 1 0 0 5.273 -5.208 0.52 -491.154 19.139 16.224 1.893 99713.7
2026 1 3 17 2 0 0 5.188 -5.2 0.85 -492.159 15.643 10.914 1.839 94169.7
2026 1 3 17 3 0 0 4.959 -5.25 1.498 -494.724 15.364 9.023 1.804 95134.9
2026 1 3 17 4 0 0 4.95 -5.328 1.245 -497.2 17.674 10.459 1.81 101058
2026 1 3 17 5 0 0 5.142 -5.41 -0.028 -494.056 16.917 6.642 1.757 92761.7
2026 1 3 17 6 0 0 5.315 -5.291 -0.369 -490.1 15.895 1.828 1.69 82199
2026 1 3 17 7 0 0 5.516 -5.114 -0.449 -488.56 17.781 2.28 1.701 82933.2
2026 1 3 17 8 0 0 5.361 -5.303 -0.412 -486.962 19.688 2.923 1.704 82474.8
2026 1 3 17 9 0 0 5.336 -5.354 -0.477 -488.114 17.572 3.219 1.634 75537.7
2026 1 3 17 10 0 0 5.463 -5.222 -0.708 -489.592 15.491 4.122 1.552 70158.4
2026 1 3 17 11 0 0 5.625 -4.93 0.272 -489.654 16.094 5.458 1.525 71659.8
2026 1 3 17 12 0 0 5.795 -4.489 1.759 -489.795 16.719 6.66 1.54 73632.1
2026 1 3 17 13 0 0 5.81 -4.441 1.581 -490.808 18.567 11.176 1.641 79901.3
2026 1 3 17 14 0 0 5.646 -4.807 0.025 -491.703 20.019 8.389 1.741 83939.4
2026 1 3 17 15 0 0 5.454 -5.146 -0.7 -491.749 20.039 1.72 1.76 82345.4
2026 1 3 17 16 0 0 5.459 -5.186 0.089 -491.601 20.553 2.792 1.73 79487.9
2026 1 3 17 17 0 0 5.468 -5.182 0.791 -493.119 20.935 8.497 1.7 77603.4
2026 1 3 17 18 0 0 5.811 -4.698 -0.064 -495.138 20.855 13.436 1.7 78110.8
2026 1 3 17 19 0 0 6.125 -4.132 -1.79 -493.045 24.225 -0.003 1.801 86209
2026 1 3 17 20 0 0 5.923 -4.424 -1.753 -491.47 26.661 -9.297 1.852 89551.6
2026 1 3 17 21 0 0 5.674 -4.883 -0.64 -492.295 25.91 -3.698 1.723 77499.4
2026 1 3 17 22 0 0 5.376 -5.172 0.456 -492.9 24.754 2.819 1.969 76397.7
2026 1 3 17 23 0 0 5.48 -5.017 -0.208 -493.176 23.781 3.973 2.082 81774.5
2026 1 3 17 24 0 0 5.705 -4.774 -0.995 -493.652 22.799 2.612 1.829 81432.1
2026 1 3 17 25 0 0 5.731 -4.724 -0.295 -494.093 20.787 -5.351 1.748 80580.5
2026 1 3 17 26 0 0 5.627 -4.806 0.728 -494.3 19.233 -13.039 1.81 79896
2026 1 3 17 27 0 0 5.628 -4.671 1.324 -492.777 21.986 -4.8 1.732 77304.6
2026 1 3 17 28 0 0 5.716 -4.556 1.565 -491 25.189 4.81 1.64 74282
2026 1 3 17 29 0 0 5.586 -4.695 1.717 -490.208 25.037 4.06 1.655 74224.6
2026 1 3 17 30 0 0 5.379 -4.765 2.151 -489.35 24.647 3.161 1.67 74175.6
2026 1 3 17 31 0 0 5.353 -4.761 2.256 -489.739 22.382 2.038 1.646 74356.6
2026 1 3 17 32 0 0 5.454 -4.667 2.21 -490.2 20.247 0.994 1.62 74537
2026 1 3 17 33 0 0 5.307 -4.754 2.403 -489.556 23.555 2.805 1.625 75466.4
2026 1 3 17 34 0 0 5.017 -4.967 2.697 -489.106 24.759 4.513 1.651 78203.1
2026 1 3 17 35 0 0 4.873 -4.998 2.91 -489.612 23.124 4.089 1.706 80609.1
2026 1 3 17 36 0 0 5.051 -4.941 2.635 -491.735 19.99 4.476 1.712 79137.3
2026 1 3 17 37 0 0 5.252 -4.946 2.286 -492.707 17.607 2.49 1.667 75485.5
2026 1 3 17 38 0 0 5.637 -4.69 1.721 -491.11 20.103 -0.671 1.65 74292.1
2026 1 3 17 39 0 0 6.125 -4.374 0.982 -491.046 20.831 1.455 1.662 76120.2
2026 1 3 17 40 0 0 6.115 -4.381 1.027 -491.347 21.241 5.024 1.687 78937.6
2026 1 3 17 41 0 0 6.105 -4.389 1.072 -491.648 21.651 8.592 1.712 81754.9
2026 1 3 17 42 0 0 6.095 -4.396 1.117 -491.949 22.06 12.16 1.737 84572.3
2026 1 3 17 43 0 0 6.134 -4.336 1.16 -492.1 22.262 13.961 1.75 85988
2026 1 3 17 44 0 0 6.309 -4.084 1.154 -489.93 25.766 6.91 1.709 81940.9
2026 1 3 17 45 0 0 6.447 -3.921 1.025 -487.734 29.353 -0.251 1.664 77814.6
2026 1 3 17 46 0 0 6.437 -4.004 0.877 -487.087 29.633 -1.32 1.66 76361.9
2026 1 3 17 47 0 0 6.462 -4.018 0.734 -486.7 29.659 -1.773 1.66 75474
2026 1 3 17 48 0 0 6.532 -3.931 0.563 -487.769 28.983 0.01 1.749 85951.5
2026 1 3 17 49 0 0 6.571 -3.873 0.451 -488.331 29.019 0.167 1.776 89375.9
2026 1 3 17 50 0 0 6.591 -3.855 0.163 -487.926 30.489 -2.748 1.69 78952.6
2026 1 3 17 51 0 0 6.623 -3.805 -0.101 -487.302 31.298 -5.805 1.623 73437.8
2026 1 3 17 52 0 0 6.531 -3.886 -0.391 -486.293 31.887 -9.884 1.732 80105.6
2026 1 3 17 53 0 0 6.449 -3.887 -0.676 -485.761 32.366 -13.244 1.863 86886.8
2026 1 3 17 54 0 0 6.292 -4.028 -0.801 -486.776 31.435 -14.171 1.91 89280.7
2026 1 3 17 55 0 0 6.11 -4.293 -0.057 -488.152 27.224 -11.496 1.877 86944.3
2026 1 3 17 56 0 0 5.986 -4.469 0.505 -488.7 24.765 -9.658 1.85 85090.1
2026 1 3 17 57 0 0 5.726 -4.703 1.29 -485.726 23.66 -9.921 1.626 74111.2
2026 1 3 17 58 0 0 5.557 -4.891 1.869 -483 22.695 -10.198 1.42 64100
2026 1 3 17 59 0 0 5.596 -4.915 1.763 -483.742 23.448 -9.799 1.447 62961
2026 1 3 18 0 0 0 5.557 -4.941 1.829 -484.61 24.368 -9.352 1.481 61586.2
2026 1 3 18 1 0 0 5.526 -4.939 1.931 -484.958 25.1 -8.004 1.501 60237.9
2026 1 3 18 2 0 0 5.624 -4.862 1.845 -485.152 25.82 -6.185 1.515 58800.6
2026 1 3 18 3 0 0 5.716 -4.854 1.57 -484.056 23.862 -10.139 1.515 59397
2026 1 3 18 4 0 0 5.69 -4.941 1.449 -482.928 21.623 -14.718 1.51 60470.1
2026 1 3 18 5 0 0 5.697 -4.916 1.526 -482.781 22.722 -14.104 1.522 61154
2026 1 3 18 6 0 0 5.761 -4.805 1.624 -482.747 25.135 -12.074 1.542 62104.3
2026 1 3 18 7 0 0 5.825 -4.694 1.721 -482.713 27.547 -10.044 1.562 63054.7
2026 1 3 18 8 0 0 5.777 -4.747 1.742 -482.7 28.508 -9.226 1.57 63432
2026 1 3 18 9 0 0 5.816 -4.602 1.988 -482.332 30.618 -4.895 1.576 65476.5
2026 1 3 18 10 0 0 5.791 -4.567 2.15 -482.1 31.947 -2.154 1.58 66766
2026 1 3 18 11 0 0 5.572 -5.004 1.543 -484.104 28.14 -5.384 1.526 64063.4
2026 1 3 18 12 0 0 5.44 -5.295 0.971 -486.541 23.462 -9.304 1.46 60788.2
2026 1 3 18 13 0 0 5.425 -5.285 0.9 -487.148 21.921 -11.439 1.516 61571.4
2026 1 3 18 14 0 0 5.405 -5.269 0.982 -487 21.877 -12.331 1.59 63315
2026 1 3 18 15 0 0 5.504 -5.141 1.035 -486.851 23.261 -11.183 1.53 62849.5
2026 1 3 18 16 0 0 5.531 -5.075 1.094 -486.7 24.659 -10.021 1.47 62379
2026 1 3 18 17 0 0 5.439 -5.141 1.107 -486.127 24.486 -9.875 1.512 64087.4
2026 1 3 18 18 0 0 5.391 -5.21 0.967 -485.257 24.244 -9.58 1.573 67446.4
2026 1 3 18 19 0 0 5.433 -5.217 0.805 -485.346 24.423 -8.761 1.636 77014.9
2026 1 3 18 20 0 0 5.535 -5.167 0.653 -485.489 24.602 -7.569 1.62 75903.7
2026 1 3 18 21 0 0 5.623 -5.081 0.578 -485.346 24.649 -6.622 1.558 65834.4
2026 1 3 18 22 0 0 5.702 -4.941 0.623 -485.668 24.31 -6.23 1.519 61577.7
2026 1 3 18 23 0 0 5.847 -4.758 0.418 -486.054 23.946 -6.342 1.505 61283
2026 1 3 18 24 0 0 5.973 -4.614 0.067 -485.933 23.846 -8.971 1.566 65511.6
2026 1 3 18 25 0 0 5.972 -4.603 0.053 -485.8 23.787 -10.944 1.61 68750
2026 1 3 18 26 0 0 5.934 -4.625 0.202 -485.855 25.533 -6.522 1.572 62844.1
2026 1 3 18 27 0 0 5.948 -4.581 0.32 -485.9 26.978 -2.856 1.54 57953
2026 1 3 18 28 0 0 6.035 -4.458 0.538 -487.031 26.364 -3.382 1.578 62224.2
2026 1 3 18 29 0 0 6.034 -4.257 1.365 -488 25.838 -3.832 1.61 65884
2026 1 3 18 30 0 0 5.837 -4.199 2.277 -487.506 24.561 -3.386 1.566 58150
2026 1 3 18 31 0 0 5.731 -4.356 2.281 -486.594 22.708 -2.461 1.515 47827.1
2026 1 3 18 32 0 0 5.446 -4.768 2.188 -484.176 19.704 -0.603 1.574 50378.9
2026 1 3 18 33 0 0 5.279 -4.925 2.379 -482.449 16.029 -1.249 1.645 57091.2
2026 1 3 18 34 0 0 5.235 -4.926 2.545 -481.448 18.124 -2.659 1.686 56346.7
2026 1 3 18 35 0 0 5.24 -4.981 2.598 -481.684 21.211 -1.172 1.663 53352
2026 1 3 18 36 0 0 5.182 -5.018 2.742 -482.51 22.841 -1.47 1.605 51469
2026 1 3 18 37 0 0 5.1 -5.036 2.865 -483.301 23.006 -1.88 1.578 49735
2026 1 3 18 38 0 0 5.064 -5.046 2.89 -484.166 22.341 -0.947 1.574 47837.7
2026 1 3 18 39 0 0 5.029 -5.055 2.916 -485.031 21.676 -0.015 1.57 45940.5
2026 1 3 18 40 0 0 4.993 -5.065 2.941 -485.896 21.011 0.918 1.566 44043.2
2026 1 3 18 41 0 0 4.958 -5.075 2.967 -486.761 20.345 1.85 1.562 42146
2026 1 3 18 42 0 0 4.973 -5.032 3.066 -487.2 20.007 2.33 1.56 41182
2026 1 3 18 43 0 0 5.067 -4.942 3.193 -486.351 20.676 2.082 1.513 43009.3
2026 1 3 18 44 0 0 5.169 -4.915 3.123 -485.4 21.436 1.756 1.46 45112.9
2026 1 3 18 45 0 0 4.908 -5.029 3.286 -485.244 21.363 -0.997 1.491 48017.6
2026 1 3 18 46 0 0 4.664 -5.13 3.486 -488.681 18.884 0.612 1.584 51454.3
2026 1 3 18 47 0 0 4.557 -5.263 3.455 -493.095 15.947 5.667 1.662 52462
2026 1 3 18 48 0 0 4.474 -5.35 3.469 -491.315 18.298 7.859 1.633 50405.4
2026 1 3 18 49 0 0 4.67 -5.151 3.514 -487.6 22.278 9.256 1.57 47364
2026 1 3 18 50 0 0 4.797 -5.045 3.514 -486.888 25.746 7.854 1.565 51635.6
2026 1 3 18 51 0 0 4.638 -5.004 3.756 -486.039 29.874 6.157 1.56 56718
2026 1 3 18 52 0 0 4.329 -5.006 4.095 -487.308 29.089 7.645 1.583 58042.4
2026 1 3 18 53 0 0 4.162 -5.034 4.214 -489.876 26.44 10.888 1.626 58954.9
2026 1 3 18 54 0 0 4.008 -4.917 4.471 -491.3 24.967 12.693 1.65 59461
2026 1 3 18 55 0 0 4.052 -4.796 4.523 -491.605 26.055 12.896 1.635 58964.8
2026 1 3 18 56 0 0 4.327 -4.899 4.1 -492.293 28.519 13.336 1.6 57845.3
2026 1 3 18 57 0 0 5.599 -4.313 2.476 -489.569 30.338 8.327 1.649 55418.1
2026 1 3 18 58 0 0 6.694 -3.641 1.07 -481.396 31.717 -5.806 1.855 50741.2
2026 1 3 18 59 0 0 6.808 -3.532 0.621 -480.446 30.278 -5.189 1.9 52437.2
2026 1 3 19 0 0 0 6.907 -3.433 0.136 -481.378 28.065 -0.703 1.9 55779.4
2026 1 3 19 1 0 0 6.878 -3.507 0.207 -481.451 27.492 0.218 1.893 55677.5
2026 1 3 19 2 0 0 6.814 -3.555 0.155 -480.554 27.352 -0.785 1.828 48892.6
2026 1 3 19 3 0 0 6.671 -3.745 0.032 -479.737 28.691 -4.721 1.907 50558.4
2026 1 3 19 4 0 0 6.664 -3.806 0.195 -479.6 29.044 -5.674 1.93 51433.6
2026 1 3 19 5 0 0 6.724 -3.763 0.318 -480.454 28.08 -3.968 1.899 44734.6
2026 1 3 19 6 0 0 6.755 -3.72 0.47 -480.7 27.803 -3.46 1.89 42807
2026 1 3 19 7 0 0 6.745 -3.695 0.419 -480.624 27.508 -2.726 1.852 41690
2026 1 3 19 8 0 0 6.732 -3.588 -0.11 -480.6 27.416 -2.484 1.84 41340
2026 1 3 19 9 0 0 6.667 -3.614 -0.134 -476.57 28.98 -1.605 1.992 43962.1
2026 1 3 19 10 0 0 6.378 -3.847 1.115 -476.1 29.164 -1.487 2.01 44268
2026 1 3 19 11 0 0 6.188 -3.984 1.907 -476.862 26.13 4.914 2.01 43610.9
2026 1 3 19 12 0 0 4.631 -3.732 3.049 -474.253 21.249 10.674 3.202 41933.8
2026 1 3 19 13 0 0 4.52 -3.725 2.925 -470.1 15.84 15.461 4.94 39866
2026 1 3 19 14 0 0 4.696 -3.739 2.56 -467.784 14.756 14.473 4.883 43691.2
2026 1 3 19 15 0 0 5.032 -3.717 1.894 -463.104 12.573 12.465 4.767 51423.3
2026 1 3 19 16 0 0 5.087 -3.795 2.022 -461.6 11.867 11.824 4.717 53864.9
2026 1 3 19 17 0 0 5.118 -3.801 2.077 -461.147 11.758 12.008 4.393 52610
2026 1 3 19 18 0 0 5.163 -3.721 1.971 -460.9 11.695 12.112 4.22 51939
2026 1 3 19 19 0 0 5.228 -3.651 1.892 -461.095 12.727 12.864 4.233 48683.3
2026 1 3 19 20 0 0 5.188 -3.682 1.951 -461.2 13.281 13.274 4.24 46925
2026 1 3 19 21 0 0 5.143 -3.71 2.033 -460.935 13.646 13.765 4.3 48551.8
2026 1 3 19 22 0 0 5.073 -3.73 1.929 -461.604 13.471 12.783 4.41 48458.3
2026 1 3 19 23 0 0 5.046 -3.622 2.371 -463.672 12.51 9.55 4.63 46031.4
2026 1 3 19 24 0 0 5.116 -3.722 2.349 -460.07 10.082 11.721 4.244 48827.8
2026 1 3 19 25 0 0 4.946 -4.007 2.384 -458.243 9.92 16.269 4.031 51089.2
2026 1 3 19 26 0 0 4.906 -4.211 2.196 -460.413 8.107 19.564 3.994 49319.4
2026 1 3 19 27 0 0 5.003 -4.21 1.95 -459.506 6.77 15.146 3.922 49819.1
2026 1 3 19 28 0 0 5.212 -3.978 1.817 -458.3 6.784 11.867 3.9 50775
2026 1 3 19 29 0 0 5.375 -3.832 1.661 -457.449 7.834 12.306 3.89 51062.8
2026 1 3 19 30 0 0 5.488 -3.76 1.496 -456.16 9.425 12.967 3.874 51498.2
2026 1 3 19 31 0 0 5.365 -3.733 1.633 -455.8 9.865 13.156 3.87 51620
2026 1 3 19 32 0 0 5.332 -3.544 2.076 -457.533 10.323 15.886 3.62 43779.9
2026 1 3 19 33 0 0 5.506 -3.453 1.936 -458.5 10.574 17.414 3.48 39402
2026 1 3 19 34 0 0 5.691 -3.446 1.353 -456.616 10.829 12.552 3.766 45231.5
2026 1 3 19 35 0 0 5.862 -3.337 0.896 -455.138 10.868 9.381 3.868 47562.9
2026 1 3 19 36 0 0 5.902 -3.339 0.727 -453.251 10.636 6.227 3.813 46967.7
2026 1 3 19 37 0 0 5.812 -3.47 0.43 -453.04 10.276 5.735 3.896 47711
2026 1 3 19 38 0 0 5.718 -3.572 0.432 -453.1 10.067 6.024 3.92 48142.7
2026 1 3 19 39 0 0 5.716 -3.502 0.57 -453.26 8.892 7.552 3.92 49921.7
2026 1 3 19 40 0 0 5.72 -3.455 0.485 -452.723 8.339 6.435 4.011 52722.3
2026 1 3 19 41 0 0 5.611 -3.643 0.276 -452.349 8.223 5.594 4.063 54038.8
2026 1 3 19 42 0 0 5.638 -3.592 0.184 -453.663 7.976 6.183 4.094 52585.4
2026 1 3 19 43 0 0 5.62 -3.562 0.93 -454.301 8.029 6.537 4.025 50982.3
2026 1 3 19 44 0 0 5.681 -3.454 1.102 -455.252 8.387 7.108 3.737 46615.1
2026 1 3 19 45 0 0 5.761 -3.338 1.056 -454.66 7.37 9.14 3.659 47969.6
2026 1 3 19 46 0 0 5.758 -3.354 0.792 -454.226 6.823 9.968 3.67 49285.1
2026 1 3 19 47 0 0 5.805 -3.244 0.818 -452.226 8.05 7.228 3.702 51421
2026 1 3 19 48 0 0 5.624 -3.523 0.873 -452.326 8.114 6.267 3.694 51590.3
2026 1 3 19 49 0 0 5.608 -3.526 0.979 -453.339 7.714 5.903 3.667 50969.8
2026 1 3 19 50 0 0 5.612 -3.5 1.127 -452.976 8.925 7.786 3.777 53225.8
2026 1 3 19 51 0 0 5.642 -3.405 1.303 -452.8 9.292 8.348 3.81 53907
2026 1 3 19 52 0 0 5.765 -3.232 1.052 -452.142 10.866 5.843 3.925 56010.6
2026 1 3 19 53 0 0 5.873 -3.117 0.749 -452 11.204 5.307 3.95 56465
2026 1 3 19 54 0 0 5.899 -3.066 0.493 -451.138 11.736 4.904 3.976 57650.5
2026 1 3 19 55 0 0 5.953 -2.507 -0.137 -451 11.819 4.845 3.98 57841
2026 1 3 19 56 0 0 6.013 -2.425 -0.154 -451.797 16.1 3.865 4.098 59991.3
2026 1 3 19 57 0 0 6.073 -2.409 -0.091 -452.688 20.886 2.769 4.23 62395.5
2026 1 3 19 58 0 0 6.132 -2.392 -0.029 -453.578 25.672 1.673 4.362 64799.6
2026 1 3 19 59 0 0 6.007 -2.688 0.286 -453.783 25.667 1.809 4.363 64714.7
2026 1 3 20 0 0 0 5.881 -2.949 0.425 -453.966 19.955 3.569 4.145 60149.4
2026 1 3 20 1 0 0 5.775 -3.1 0.186 -453.493 24.777 2.448 4.185 59622.4
2026 1 3 20 2 0 0 5.824 -2.992 -0.005 -456.21 23.811 -2.08 4.433 64280.9
2026 1 3 20 3 0 0 5.769 -3.071 -0.024 -456.979 22.794 -2.664 4.498 65462.3
2026 1 3 20 4 0 0 5.766 -3.012 -0.115 -457.159 20.931 -1.06 4.54 65704.5
2026 1 3 20 5 0 0 5.887 -2.814 -0.283 -455.606 21.044 -2.693 4.651 70745.5
2026 1 3 20 6 0 0 5.935 -2.78 -0.252 -455.467 20.556 -2.353 4.603 64952.2
2026 1 3 20 7 0 0 6.022 -2.583 -0.265 -455.665 20.049 -1.616 4.541 58557.3
2026 1 3 20 8 0 0 5.911 -2.799 -0.1 -455.781 20.276 -1.741 4.401 57738.9
2026 1 3 20 9 0 0 5.888 -2.9 0.142 -455.8 20.35 -1.792 4.37 57803
2026 1 3 20 10 0 0 5.881 -2.867 -0.161 -454 23.915 -4.201 4.404 55301.4
2026 1 3 20 11 0 0 5.845 -2.921 -0.43 -453.437 25.038 -4.917 4.419 54503.6
2026 1 3 20 12 0 0 5.885 -2.814 -0.3 -453.132 25.425 -4.328 4.465 55309.5
2026 1 3 20 13 0 0 5.827 -2.755 -0.343 -452.829 24.839 -3.554 4.524 57660.1
2026 1 3 20 14 0 0 5.755 -2.621 -0.859 -452.985 20.54 -4.853 4.641 62364
2026 1 3 20 15 0 0 5.703 -2.61 -1.116 -453 18.396 -5.482 4.734 65238
2026 1 3 20 16 0 0 5.853 -2.409 -0.575 -451.948 25.431 -4.982 4.817 67711
2026 1 3 20 17 0 0 5.746 -2.657 -0.598 -451.995 25.664 -4.968 4.81 67567.8
2026 1 3 20 18 0 0 5.731 -2.697 -0.49 -453.371 23.034 -3.801 4.746 63625.8
2026 1 3 20 19 0 0 5.748 -2.682 -0.462 -453.41 19.738 -1.366 4.731 61420.6
2026 1 3 20 20 0 0 5.723 -2.653 -0.186 -453.309 18.53 -1.02 4.748 59837.7
2026 1 3 20 21 0 0 5.683 -2.678 -0.344 -453.3 18.245 -1.338 4.833 60363.4
2026 1 3 20 22 0 0 5.624 -2.754 -0.127 -452.928 17.521 -2.391 4.914 62026.1
2026 1 3 20 23 0 0 5.677 -2.666 -0.11 -452.428 17.134 1.731 4.911 62791.5
2026 1 3 20 24 0 0 5.727 -2.547 -0.129 -452.4 17.091 2.081 4.91 62845.1
2026 1 3 20 25 0 0 5.721 -2.521 -0.167 -452.774 17.849 0.547 4.882 63137.6
2026 1 3 20 26 0 0 5.748 -2.455 -0.123 -452.8 17.902 0.447 4.88 63158
2026 1 3 20 27 0 0 5.731 -2.489 -0.139 -451.439 18.821 4.482 4.909 65847
2026 1 3 20 28 0 0 5.73 -2.461 -0.12 -451.4 18.845 4.606 4.91 65924
2026 1 3 20 29 0 0 5.71 -2.499 -0.081 -451.498 20.471 2.087 5.028 67411.7
2026 1 3 20 30 0 0 5.653 -2.605 -0.099 -452.072 18.695 1.011 4.982 65251.4
2026 1 3 20 31 0 0 5.677 -2.71 0.228 -453.011 10.348 2.88 4.843 65625.2
2026 1 3 20 32 0 0 5.734 -2.647 0.487 -452.737 11.377 4.738 4.739 64411.3
2026 1 3 20 33 0 0 5.618 -2.799 1.016 -452.044 15.618 9.579 4.608 65521.3
2026 1 3 20 34 0 0 5.631 -2.773 1.034 -452.418 12.354 8.52 4.653 67277.6
2026 1 3 20 35 0 0 5.653 -2.733 1.016 -452.864 8.584 7.055 4.71 69059.6
2026 1 3 20 36 0 0 5.675 -2.694 0.999 -453.309 4.814 5.59 4.767 70841.6
2026 1 3 20 37 0 0 5.698 -2.654 0.982 -453.755 1.044 4.126 4.824 72623.7
2026 1 3 20 38 0 0 5.753 -2.552 0.882 -453.8 0.659 3.977 4.83 72805
2026 1 3 20 39 0 0 5.724 -2.584 0.95 -453.8 0.657 3.977 4.83 72805
2026 1 3 20 40 0 0 5.711 -2.627 0.969 -453.158 28.152 11.13 4.857 67638.9
2026 1 3 20 41 0 0 5.71 -2.612 1.016 -452.916 30.854 10.993 4.869 68204.6
2026 1 3 20 42 0 0 5.701 -2.637 1.002 -452.81 28.837 10.517 4.798 69210.3
2026 1 3 20 43 0 0 5.682 -2.675 1 -452.535 15.309 12.331 4.402 68815.7
2026 1 3 20 44 0 0 5.662 -2.68 0.974 -452.5 13.54 12.583 4.35 68750
2026 1 3 20 45 0 0 5.633 -2.703 0.888 -451.493 17.746 15.161 4.377 65163.2
2026 1 3 20 46 0 0 5.601 -2.729 0.794 -450.354 22.509 18.08 4.409 61101.9
2026 1 3 20 47 0 0 5.61 -2.681 0.839 -450.3 22.726 18.226 4.41 60911
2026 1 3 20 48 0 0 5.571 -2.767 0.57 -451.168 20.31 17.924 4.777 74138.2
2026 1 3 20 49 0 0 5.628 -2.722 0.541 -451.2 20.215 17.92 4.79 74622
2026 1 3 20 50 0 0 5.669 -2.585 0.849 -451.2 20.208 17.928 4.79 74622
2026 1 3 20 51 0 0 5.675 -2.66 0.705 -451.671 18.709 14.444 4.701 75602.7
2026 1 3 20 52 0 0 5.68 -2.743 0.543 -452.159 17.155 10.832 4.608 76619.5
2026 1 3 20 53 0 0 5.689 -2.667 0.576 -452.2 16.678 8.173 4.646 76021.2
2026 1 3 20 54 0 0 5.643 -2.744 0.645 -451.359 25.033 7.994 4.725 78969.3
2026 1 3 20 55 0 0 5.603 -2.842 0.53 -452.037 21.438 12.067 4.601 76319
2026 1 3 20 56 0 0 5.786 -1.901 1.097 -452.1 21.074 12.425 4.59 76073
2026 1 3 20 57 0 0 5.82 -1.546 1.473 -450.434 31.134 18.155 4.659 64184.7
2026 1 3 20 58 0 0 5.771 -1.939 1.149 -450.4 30.745 17.831 4.66 63879.7
2026 1 3 20 59 0 0 5.731 -2.038 0.935 -450.302 19.88 10.599 4.66 62794.1
2026 1 3 21 0 0 0 5.642 -2.148 0.91 -450.3 19.616 10.432 4.66 62768
2026 1 3 21 1 0 0 5.63 -2.091 1.148 -448.706 22.681 11.761 4.771 70643.8
2026 1 3 21 2 0 0 5.621 -2.113 1.087 -448.919 22.672 12.203 4.813 70820.3
2026 1 3 21 3 0 0 5.64 -2.194 0.996 -449.537 22.63 13.179 4.897 71195.2
2026 1 3 21 4 0 0 5.622 -2.512 0.687 -452.629 24.117 11.788 4.661 69218.9
2026 1 3 21 5 0 0 5.665 -2.405 0.822 -453.26 24.375 11.522 4.613 68816.8
2026 1 3 21 6 0 0 5.652 -2.462 0.732 -453.12 26.713 11.841 4.538 65945.8
2026 1 3 21 7 0 0 5.641 -2.47 0.792 -453.1 27.605 11.959 4.512 64787
2026 1 3 21 8 0 0 5.604 -2.524 0.755 -453.279 27.144 12.581 4.537 66472.4
2026 1 3 21 9 0 0 5.573 -2.557 0.714 -453.39 26.684 12.742 4.594 68077.5
2026 1 3 21 10 0 0 5.561 -2.596 0.692 -453.579 26.224 12.929 4.662 69608.7
2026 1 3 21 11 0 0 5.551 -2.582 0.699 -452.59 29.381 12.661 4.532 67018.1
2026 1 3 21 12 0 0 5.579 -2.414 0.778 -452.207 29.12 12.401 4.588 65951.7
2026 1 3 21 13 0 0 5.561 -2.086 0.804 -448.748 22.445 9.784 5.491 55806.1
2026 1 3 21 14 0 0 5.578 -2.058 0.851 -448.094 26.615 12.997 4.994 71853.7
2026 1 3 21 15 0 0 5.539 -2.355 0.702 -448.179 25.089 14.19 4.898 73394.5
2026 1 3 21 16 0 0 5.53 -2.44 0.561 -451.185 19.695 13.261 4.87 76618
2026 1 3 21 17 0 0 5.578 -2.246 0.599 -450.715 23.655 13.716 5.054 81396.3
2026 1 3 21 18 0 0 5.543 -2.26 0.578 -449.951 25.693 14.014 5.065 83588.4
2026 1 3 21 19 0 0 5.504 -2.281 0.554 -449.178 27.666 14.307 5.07 85695.7
2026 1 3 21 20 0 0 5.465 -2.301 0.531 -448.405 29.64 14.599 5.075 87802.9
2026 1 3 21 21 0 0 5.437 -2.315 0.511 -447.786 31.353 14.916 5.075 89549.2
2026 1 3 21 22 0 0 5.512 -2.257 0.52 -448.792 30.389 15.468 5.015 87484.6
2026 1 3 21 23 0 0 5.539 -2.211 0.519 -450.272 29.454 15.897 4.94 83793.3
2026 1 3 21 24 0 0 5.494 -2.211 0.477 -448.831 36.925 17.23 4.931 84287.1
2026 1 3 21 25 0 0 5.135 -1.551 0.832 -446.833 35.122 17.327 4.962 85109.3
2026 1 3 21 26 0 0 3.758 0.645 3.535 -434.359 13.204 8.752 5.304 75742.8
2026 1 3 21 27 0 0 2.811 1.402 4.176 -429.495 9.976 4.882 5.644 57649.5
2026 1 3 21 28 0 0 2.242 1.841 4.42 -430.493 12.614 4.094 5.918 36490.9
2026 1 3 21 29 0 0 2.121 2.003 4.537 -432.238 14.202 4.334 6.245 28917.4
2026 1 3 21 30 0 0 2.296 2.017 4.523 -434.698 15.168 5.4 6.651 30892.2
2026 1 3 21 31 0 0 2.273 1.962 4.602 -436.437 16.793 6.727 6.821 31479.5
2026 1 3 21 32 0 0 2.258 1.913 4.621 -436.994 17.895 7.411 6.77 31018.2
2026 1 3 21 33 0 0 2.29 1.764 4.613 -437.766 16.914 6.719 6.743 31157.9
2026 1 3 21 34 0 0 2.207 1.548 4.715 -438.547 15.781 6.047 6.713 31266.4
2026 1 3 21 35 0 0 2.247 1.591 4.678 -438.419 15.787 6.129 6.719 31226.5
2026 1 3 21 36 0 0 2.287 1.634 4.642 -438.291 15.793 6.211 6.725 31186.6
2026 1 3 21 37 0 0 2.327 1.677 4.605 -438.163 15.798 6.292 6.732 31146.7
2026 1 3 21 38 0 0 2.367 1.72 4.569 -438.035 15.804 6.374 6.738 31106.8
2026 1 3 21 39 0 0 2.408 1.762 4.532 -437.908 15.81 6.456 6.745 31066.9
2026 1 3 21 40 0 0 2.448 1.805 4.496 -437.78 15.815 6.537 6.751 31027
2026 1 3 21 41 0 0 2.488 1.848 4.459 -437.652 15.821 6.619 6.757 30987
2026 1 3 21 42 0 0 2.528 1.891 4.423 -437.524 15.827 6.701 6.764 30947.1
2026 1 3 21 43 0 0 2.568 1.934 4.386 -437.396 15.832 6.782 6.77 30907.2
2026 1 3 21 44 0 0 2.609 1.977 4.349 -437.268 15.838 6.864 6.777 30867.3
2026 1 3 21 45 0 0 2.621 2.037 4.321 -437.2 15.84 6.91 6.78 30846
2026 1 3 21 46 0 0 2.6 2.066 4.32 -437.385 15.881 6.886 6.776 30813
2026 1 3 21 47 0 0 2.577 2.036 4.343 -437.78 15.971 6.83 6.767 30742.2
2026 1 3 21 48 0 0 2.555 2.007 4.365 -438.176 16.06 6.775 6.758 30671.5
2026 1 3 21 49 0 0 2.532 1.977 4.388 -438.571 16.149 6.719 6.749 30600.7
2026 1 3 21 50 0 0 2.51 1.947 4.41 -438.967 16.239 6.663 6.74 30529.9
2026 1 3 21 51 0 0 2.487 1.918 4.433 -439.363 16.328 6.608 6.731 30459.2
2026 1 3 21 52 0 0 2.465 1.888 4.455 -439.758 16.417 6.552 6.722 30388.4
2026 1 3 21 53 0 0 2.442 1.858 4.478 -440.154 16.507 6.497 6.713 30317.7
2026 1 3 21 54 0 0 2.42 1.829 4.5 -440.55 16.596 6.441 6.704 30246.9
2026 1 3 21 55 0 0 2.397 1.799 4.523 -440.945 16.685 6.386 6.695 30176.1
2026 1 3 21 56 0 0 2.375 1.769 4.545 -441.341 16.775 6.33 6.686 30105.4
2026 1 3 21 57 0 0 2.384 1.798 4.529 -441.6 16.833 6.295 6.68 30059
2026 1 3 21 58 0 0 2.447 1.956 4.422 -441.6 16.832 6.298 6.68 30059
2026 1 3 21 59 0 0 2.51 2.041 4.329 -441.376 17.124 6.499 6.691 30123.2
2026 1 3 22 0 0 0 2.597 1.929 4.325 -440.73 17.97 7.072 6.723 30308.3
2026 1 3 22 1 0 0 2.683 1.817 4.322 -440.085 18.816 7.645 6.756 30493.3
2026 1 3 22 2 0 0 2.77 1.705 4.319 -439.439 19.662 8.218 6.788 30678.3
2026 1 3 22 3 0 0 2.857 1.593 4.315 -438.793 20.508 8.791 6.82 30863.4
2026 1 3 22 4 0 0 2.943 1.48 4.312 -438.148 21.354 9.363 6.853 31048.4
2026 1 3 22 5 0 0 2.93 1.452 4.337 -437.8 21.809 9.673 6.87 31148
2026 1 3 22 6 0 0 2.882 1.226 4.442 -437.8 21.807 9.677 6.87 31148
2026 1 3 22 7 0 0 2.88 0.868 4.573 -437.843 19.445 9.227 6.74 31053.4
2026 1 3 22 8 0 0 2.811 0.794 4.671 -437.941 14.075 8.198 6.446 30838.4
2026 1 3 22 9 0 0 2.614 0.81 4.822 -438 10.867 7.585 6.27 30710
2026 1 3 22 10 0 0 2.441 0.843 4.926 -438.571 10.922 8.234 6.24 30494.1
2026 1 3 22 11 0 0 2.602 0.74 4.843 -439.946 11.059 9.766 6.163 29976
2026 1 3 22 12 0 0 2.71 0.756 4.78 -440.8 11.145 10.678 6.11 29656
2026 1 3 22 13 0 0 2.52 0.792 4.86 -440.523 12.63 9.729 6.248 30305.7
2026 1 3 22 14 0 0 2.189 0.735 5.05 -440 15.437 7.934 6.51 31533
2026 1 3 22 15 0 0 2.239 0.771 5.01 -440 15.436 7.936 6.51 31533
2026 1 3 22 16 0 0 2.331 0.786 4.951 -440.178 15.14 8.596 6.446 31007.7
2026 1 3 22 17 0 0 2.294 0.749 4.97 -440.5 14.607 9.786 6.33 30059
2026 1 3 22 18 0 0 2.333 0.68 4.98 -440.5 14.606 9.788 6.33 30059
2026 1 3 22 19 0 0 2.535 0.71 4.851 -439.846 14.129 8.675 6.317 30567.3
2026 1 3 22 20 0 0 3.062 0.861 4.401 -437.879 12.694 5.321 6.279 32097.5
2026 1 3 22 21 0 0 3.589 1.012 3.951 -435.911 11.26 1.967 6.24 33627.7
2026 1 3 22 22 0 0 3.768 0.983 3.817 -434.9 10.523 0.244 6.22 34414
2026 1 3 22 23 0 0 3.573 0.88 4.036 -434.9 10.523 0.245 6.22 34414
2026 1 3 22 24 0 0 3.503 0.975 4.127 -435.323 13.883 2.897 6.178 34850.9
2026 1 3 22 25 0 0 3.558 1.07 4.053 -435.8 17.668 5.884 6.13 35343
2026 1 3 22 26 0 0 3.568 1.049 4.024 -435.818 17.301 5.869 6.134 34946.2
2026 1 3 22 27 0 0 3.542 1.003 4.054 -435.858 16.501 5.833 6.142 34079.8
2026 1 3 22 28 0 0 3.516 0.957 4.084 -435.898 15.701 5.797 6.15 33213.3
2026 1 3 22 29 0 0 3.49 0.911 4.114 -435.938 14.901 5.762 6.158 32346.9
2026 1 3 22 30 0 0 3.464 0.865 4.144 -435.978 14.101 5.726 6.166 31480.4
2026 1 3 22 31 0 0 3.455 0.908 4.128 -436 13.666 5.707 6.17 31010
2026 1 3 22 32 0 0 3.466 1.018 4.08 -436.034 14.825 5.953 6.215 31572.6
2026 1 3 22 33 0 0 3.478 1.081 4.057 -436.109 17.417 6.5 6.316 32830.4
2026 1 3 22 34 0 0 3.491 1.144 4.035 -436.185 20.009 7.047 6.416 34088.2
2026 1 3 22 35 0 0 3.503 1.207 4.012 -436.26 22.601 7.594 6.517 35346
2026 1 3 22 36 0 0 3.629 1.131 3.905 -436.015 21.551 7.847 6.522 38641.6
2026 1 3 22 37 0 0 3.76 1.123 3.758 -435.7 18.901 7.078 6.39 39547.8
2026 1 3 22 38 0 0 3.727 1.183 3.724 -435.414 18.839 5.989 6.314 38246.9
2026 1 3 22 39 0 0 3.728 1.086 3.73 -435.243 17.552 4.513 6.23 37583.4
2026 1 3 22 40 0 0 3.672 0.957 3.801 -435.803 15.385 4.423 6.017 34605.8
2026 1 3 22 41 0 0 3.599 1.002 3.838 -435.903 13.929 5.885 5.916 35387.1
2026 1 3 22 42 0 0 3.674 1.177 3.765 -434.832 16.12 5.685 6.007 37100.9
2026 1 3 22 43 0 0 3.592 1.153 3.854 -434.293 17.159 5.277 5.996 35198.6
2026 1 3 22 44 0 0 2.619 2.174 4.06 -433.717 12.6 4.501 5.656 34407.7
2026 1 3 22 45 0 0 1.402 3.688 4.32 -431.45 5.032 2.561 4.79 34699
2026 1 3 22 46 0 0 1.882 3.418 4.47 -429.16 -2.341 0.566 3.906 35299.2
2026 1 3 22 47 0 0 2.173 3.115 4.257 -430.548 5.039 3.567 4.624 38292.9
2026 1 3 22 48 0 0 2.317 2.843 3.997 -432.272 14.265 6.215 5.281 41225.9
2026 1 3 22 49 0 0 2.566 2.291 3.933 -432.755 16.341 4.03 4.849 39879.9
2026 1 3 22 50 0 0 3.129 1.381 3.867 -433.069 17.668 2.767 4.584 38878.2
2026 1 3 22 51 0 0 3.217 1.316 3.86 -432.999 17.408 3.32 4.663 38737.6
2026 1 3 22 52 0 0 3.306 1.251 3.853 -432.928 17.147 3.873 4.741 38597
2026 1 3 22 53 0 0 3.394 1.185 3.846 -432.858 16.887 4.426 4.82 38456.5
2026 1 3 22 54 0 0 3.483 1.12 3.839 -432.788 16.626 4.98 4.898 38315.9
2026 1 3 22 55 0 0 3.571 1.055 3.832 -432.717 16.366 5.533 4.976 38175.3
2026 1 3 22 56 0 0 3.659 0.989 3.825 -432.647 16.105 6.086 5.055 38034.8
2026 1 3 22 57 0 0 3.748 0.924 3.818 -432.577 15.845 6.639 5.133 37894.2
2026 1 3 22 58 0 0 3.836 0.859 3.811 -432.506 15.584 7.192 5.211 37753.7
2026 1 3 22 59 0 0 3.925 0.793 3.804 -432.436 15.323 7.746 5.29 37613.1
2026 1 3 23 0 0 0 3.936 0.79 3.805 -432.4 15.19 8.029 5.33 37541
2026 1 3 23 1 0 0 3.899 0.82 3.802 -432.464 15.2 7.862 5.386 38121.2
2026 1 3 23 2 0 0 3.898 0.82 3.786 -432.593 15.221 7.525 5.497 39288.7
2026 1 3 23 3 0 0 3.896 0.82 3.771 -432.722 15.241 7.188 5.609 40456.3
2026 1 3 23 4 0 0 3.895 0.82 3.755 -432.851 15.262 6.851 5.721 41623.9
2026 1 3 23 5 0 0 3.894 0.82 3.739 -432.98 15.283 6.514 5.833 42791.4
2026 1 3 23 6 0 0 3.892 0.82 3.723 -433.109 15.303 6.177 5.945 43959
2026 1 3 23 7 0 0 3.891 0.82 3.708 -433.238 15.324 5.84 6.056 45126.5
2026 1 3 23 8 0 0 3.9 0.919 3.674 -433.3 15.334 5.679 6.11 45687
2026 1 3 23 9 0 0 3.931 1.374 3.484 -432.573 16.357 6.452 5.845 45889
2026 1 3 23 10 0 0 4.179 1.981 3.16 -431.687 17.582 7.357 5.52 46135
2026 1 3 23 11 0 0 4.108 2.225 3.005 -432.286 15.936 7.861 5.633 42586.1
2026 1 3 23 12 0 0 3.86 2.315 2.935 -433.249 17.665 8.052 5.725 37031.9
2026 1 3 23 13 0 0 4.012 2.167 2.827 -434.309 19.986 9.045 5.693 36056.7
2026 1 3 23 14 0 0 4.317 1.759 2.67 -435.337 18.619 9.432 5.722 38351.6
2026 1 3 23 15 0 0 4.251 1.755 2.773 -435.545 20.568 8.554 5.763 40714.9
2026 1 3 23 16 0 0 3.995 2.054 3.115 -435.81 22.953 9.09 5.697 40861.8
2026 1 3 23 17 0 0 3.993 2.159 3.265 -436.398 21.116 7.972 5.411 38309.9
2026 1 3 23 18 0 0 3.964 2.007 3.441 -437.07 17.66 6.746 5.192 36882.2
2026 1 3 23 19 0 0 4.02 1.77 3.506 -437.366 15.685 10.695 5.09 35976.5
2026 1 3 23 20 0 0 4.164 1.604 3.261 -436.777 16.197 14.259 5.363 58057.5
2026 1 3 23 21 0 0 4.298 1.571 2.995 -435.512 19.625 14.634 5.685 73332.4
2026 1 3 23 22 0 0 4.559 0.978 2.851 -434.955 20.67 11.045 5.618 44611
2026 1 3 23 23 0 0 5.108 -0.225 2.62 -434.965 20.657 10.728 5.571 43192.2
2026 1 3 23 24 0 0 5.104 -0.168 2.621 -435.11 20.191 10.667 5.529 45397.4
2026 1 3 23 25 0 0 5.101 -0.112 2.622 -435.255 19.725 10.606 5.487 47602.6
2026 1 3 23 26 0 0 5.097 -0.055 2.623 -435.4 19.259 10.544 5.445 49807.8
2026 1 3 23 27 0 0 5.093 0.001 2.623 -435.545 18.794 10.483 5.403 52013
2026 1 3 23 28 0 0 5.089 0.058 2.624 -435.69 18.328 10.421 5.361 54218.1
2026 1 3 23 29 0 0 5.085 0.114 2.625 -435.835 17.862 10.36 5.319 56423.3
2026 1 3 23 30 0 0 5.082 0.171 2.626 -435.98 17.396 10.299 5.277 58628.5
2026 1 3 23 31 0 0 5.078 0.227 2.626 -436.125 16.93 10.237 5.235 60833.7
2026 1 3 23 32 0 0 5.074 0.284 2.627 -436.27 16.464 10.176 5.193 63038.9
2026 1 3 23 33 0 0 5.07 0.34 2.628 -436.415 15.999 10.114 5.151 65244.1
2026 1 3 23 34 0 0 5.066 0.397 2.629 -436.56 15.533 10.053 5.109 67449.2
2026 1 3 23 35 0 0 5.062 0.453 2.63 -436.705 15.067 9.992 5.067 69654.4
2026 1 3 23 36 0 0 5.039 0.48 2.647 -436.8 14.763 9.951 5.04 71095
2026 1 3 23 37 0 0 5.018 0.462 2.665 -437.046 15.124 9.139 5.103 74877.6
2026 1 3 23 38 0 0 5.067 0.469 2.622 -437.739 16.143 6.85 5.281 85562
2026 1 3 23 39 0 0 5.117 0.476 2.579 -438.433 17.161 4.56 5.46 96246.5
2026 1 3 23 40 0 0 5.157 0.503 2.511 -438.9 17.847 3.017 5.58 103444
2026 1 3 23 41 0 0 5.167 0.537 2.387 -438.9 17.847 3.015 5.58 103444
2026 1 3 23 42 0 0 5.147 0.456 2.347 -438.632 17.822 3.353 5.55 97562.4
2026 1 3 23 43 0 0 5.106 0.293 2.49 -437.816 17.745 4.387 5.458 79673.6
2026 1 3 23 44 0 0 5.12 0.281 2.474 -437.3 17.696 5.041 5.4 68343
2026 1 3 23 45 0 0 5.23 0.418 2.239 -437.3 17.697 5.038 5.4 68343
2026 1 3 23 46 0 0 5.217 0.111 2.305 -437.516 18.742 4.757 5.232 63854.3
2026 1 3 23 47 0 0 4.985 -0.639 2.735 -438.118 21.65 3.978 4.764 51362.3
2026 1 3 23 48 0 0 4.786 -1.178 3.105 -438.374 23.804 3.752 4.372 41207.1
2026 1 3 23 49 0 0 4.703 -0.918 3.238 -437.59 23.263 5.307 4.231 38958.6
2026 1 3 23 50 0 0 4.604 -0.935 3.382 -438.024 23.331 4.878 3.984 33446.2
2026 1 3 23 51 0 0 4.576 -1.329 3.407 -438.443 21.797 3.839 3.977 35160.8
2026 1 3 23 52 0 0 4.545 -1.383 3.327 -438.415 22.089 7.699 4.093 38320.5
2026 1 3 23 53 0 0 4.435 -1.057 3.456 -438.512 22.422 9.778 4.352 40315.1
2026 1 3 23 54 0 0 4.257 -0.732 3.702 -436.171 21.857 11.008 4.664 46712.2
2026 1 3 23 55 0 0 4.223 -0.593 3.803 -436.499 21.487 10.107 4.75 45159.9
2026 1 3 23 56 0 0 4.152 -0.587 3.87 -437.7 16.653 7.309 4.99 51232
2026 1 3 23 57 0 0 4.136 -0.621 3.839 -437.222 17.007 7.595 4.961 50017.7
2026 1 3 23 58 0 0 4.224 -0.522 3.735 -435.613 18.193 8.565 4.862 45930.4
2026 1 3 23 59 0 0 4.224 -0.308 3.726 -434.6 18.941 9.175 4.8 43356
2026 1 4 0 0 0 0 4.137 -0.055 3.814 -434.804 18.927 9.061 4.794 43103.9
2026 1 4 0 1 0 0 4.154 -0.069 3.798 -435.355 18.888 8.761 4.778 42422.9
2026 1 4 0 2 0 0 4.172 -0.083 3.783 -435.907 18.849 8.46 4.763 41741.9
2026 1 4 0 3 0 0 4.19 -0.096 3.767 -436.458 18.81 8.159 4.747 41060.9
2026 1 4 0 4 0 0 4.207 -0.11 3.751 -437.009 18.771 7.858 4.731 40379.9
2026 1 4 0 5 0 0 4.235 -0.117 3.725 -437.4 18.744 7.643 4.72 39897
2026 1 4 0 6 0 0 4.21 -0.206 3.747 -437.25 19.404 8.194 4.753 39738.8
2026 1 4 0 7 0 0 4.067 -0.411 3.886 -436.9 20.937 9.481 4.83 39371
2026 1 4 0 8 0 0 4.082 -0.333 3.891 -436.931 20.828 9.058 4.818 38724.8
2026 1 4 0 9 0 0 4.155 -0.256 3.842 -437 20.57 8.061 4.787 37176.8
2026 1 4 0 10 0 0 4.204 -0.212 3.777 -437.121 20.752 8.057 4.771 36873
2026 1 4 0 11 0 0 4.213 -0.121 3.741 -437.632 21.554 8.668 4.738 36728.3
